,date,sp_close,dj_close
0,2016-01-01,2016.71,17425.03
1,2016-01-02,2016.71,17425.03
2,2016-01-03,2016.71,17425.03
3,2016-01-04,1990.26,17148.94
4,2016-01-05,1943.09,17158.66
5,2016-01-06,1922.03,16906.51
6,2016-01-07,1923.67,16514.1
7,2016-01-08,1938.68,16346.45
8,2016-01-09,1938.68,16346.45
9,2016-01-10,1938.68,16346.45
10,2016-01-11,1890.28,16398.57
11,2016-01-12,1921.84,16516.22
12,2016-01-13,1880.33,16151.41
13,2016-01-14,1881.33,16379.05
14,2016-01-15,1859.33,15988.08
15,2016-01-16,1859.33,15988.08
16,2016-01-17,1859.33,15988.08
17,2016-01-18,1859.33,15988.08
18,2016-01-19,1868.99,16016.02
19,2016-01-20,1906.9,15766.74
20,2016-01-21,1877.08,15882.68
21,2016-01-22,1903.63,16093.51
22,2016-01-23,1903.63,16093.51
23,2016-01-24,1903.63,16093.51
24,2016-01-25,1882.95,15885.22
25,2016-01-26,1893.36,16167.23
26,2016-01-27,1940.24,15944.46
27,2016-01-28,1939.38,16069.64
28,2016-01-29,1903.03,16466.3
29,2016-01-30,1903.03,16466.3
30,2016-01-31,1903.03,16466.3
31,2016-02-01,1912.53,16449.18
32,2016-02-02,1915.45,16153.54
33,2016-02-03,1880.05,16336.66
34,2016-02-04,1853.44,16416.58
35,2016-02-05,1852.21,16204.97
36,2016-02-06,1852.21,16204.97
37,2016-02-07,1852.21,16204.97
38,2016-02-08,1851.86,16027.05
39,2016-02-09,1829.08,16014.38
40,2016-02-10,1864.78,15914.74
41,2016-02-11,1895.58,15660.18
42,2016-02-12,1926.82,15973.84
43,2016-02-13,1926.82,15973.84
44,2016-02-14,1926.82,15973.84
45,2016-02-15,1926.82,15973.84
46,2016-02-16,1917.83,16196.41
47,2016-02-17,1917.78,16453.83
48,2016-02-18,1945.5,16413.43
49,2016-02-19,1921.27,16391.99
50,2016-02-20,1921.27,16391.99
51,2016-02-21,1921.27,16391.99
52,2016-02-22,1929.8,16620.66
53,2016-02-23,1951.7,16431.78
54,2016-02-24,1948.05,16484.99
55,2016-02-25,1932.23,16697.29
56,2016-02-26,1978.35,16639.97
57,2016-02-27,1978.35,16639.97
58,2016-02-28,1978.35,16639.97
59,2016-02-29,1986.45,16516.5
60,2016-03-01,1993.4,16865.08
61,2016-03-02,1999.99,16899.32
62,2016-03-03,2001.76,16943.9
63,2016-03-04,1979.26,17006.77
64,2016-03-05,1979.26,17006.77
65,2016-03-06,1979.26,17006.77
66,2016-03-07,1989.26,17073.95
67,2016-03-08,1989.57,16964.1
68,2016-03-09,2022.19,17000.36
69,2016-03-10,2019.64,16995.13
70,2016-03-11,2015.93,17213.31
71,2016-03-12,2015.93,17213.31
72,2016-03-13,2015.93,17213.31
73,2016-03-14,2027.22,17229.13
74,2016-03-15,2040.59,17251.53
75,2016-03-16,2049.58,17325.76
76,2016-03-17,2051.6,17481.49
77,2016-03-18,2049.8,17602.3
78,2016-03-19,2049.8,17602.3
79,2016-03-20,2049.8,17602.3
80,2016-03-21,2036.71,17623.87
81,2016-03-22,2035.94,17582.57
82,2016-03-23,2037.05,17502.59
83,2016-03-24,2055.01,17515.73
84,2016-03-25,2055.01,17515.73
85,2016-03-26,2055.01,17515.73
86,2016-03-27,2055.01,17515.73
87,2016-03-28,2063.95,17535.39
88,2016-03-29,2059.74,17633.11
89,2016-03-30,2072.78,17716.66
90,2016-03-31,2066.13,17685.09
91,2016-04-01,2045.17,17792.75
92,2016-04-02,2045.17,17792.75
93,2016-04-03,2045.17,17792.75
94,2016-04-04,2066.66,17737.0
95,2016-04-05,2041.91,17603.32
96,2016-04-06,2047.6,17716.05
97,2016-04-07,2041.99,17541.96
98,2016-04-08,2061.72,17576.96
99,2016-04-09,2061.72,17576.96
100,2016-04-10,2061.72,17576.96
101,2016-04-11,2082.42,17556.41
102,2016-04-12,2082.78,17721.25
103,2016-04-13,2080.73,17908.28
104,2016-04-14,2094.34,17926.43
105,2016-04-15,2100.8,17897.46
106,2016-04-16,2100.8,17897.46
107,2016-04-17,2100.8,17897.46
108,2016-04-18,2102.4,18004.16
109,2016-04-19,2091.48,18053.6
110,2016-04-20,2091.58,18096.27
111,2016-04-21,2087.79,17982.52
112,2016-04-22,2091.7,18003.75
113,2016-04-23,2091.7,18003.75
114,2016-04-24,2091.7,18003.75
115,2016-04-25,2095.15,17977.24
116,2016-04-26,2075.81,17990.32
117,2016-04-27,2065.3,18041.55
118,2016-04-28,2081.43,17830.76
119,2016-04-29,2063.37,17773.64
120,2016-04-30,2063.37,17773.64
121,2016-05-01,2063.37,17773.64
122,2016-05-02,2051.12,17891.16
123,2016-05-03,2050.63,17750.91
124,2016-05-04,2057.14,17651.26
125,2016-05-05,2058.69,17660.71
126,2016-05-06,2084.39,17740.63
127,2016-05-07,2084.39,17740.63
128,2016-05-08,2084.39,17740.63
129,2016-05-09,2064.46,17705.91
130,2016-05-10,2064.11,17928.35
131,2016-05-11,2046.61,17711.12
132,2016-05-12,2066.66,17720.5
133,2016-05-13,2047.21,17535.32
134,2016-05-14,2047.21,17535.32
135,2016-05-15,2047.21,17535.32
136,2016-05-16,2047.63,17710.71
137,2016-05-17,2040.04,17529.98
138,2016-05-18,2052.32,17526.62
139,2016-05-19,2048.04,17435.4
140,2016-05-20,2076.06,17500.94
141,2016-05-21,2076.06,17500.94
142,2016-05-22,2076.06,17500.94
143,2016-05-23,2090.54,17492.93
144,2016-05-24,2090.1,17706.05
145,2016-05-25,2099.06,17851.51
146,2016-05-26,2096.96,17828.29
147,2016-05-27,2099.33,17873.22
148,2016-05-28,2099.33,17873.22
149,2016-05-29,2099.33,17873.22
150,2016-05-30,2099.33,17873.22
151,2016-05-31,2105.26,17787.2
152,2016-06-01,2099.13,17789.67
153,2016-06-02,2109.41,17838.56
154,2016-06-03,2112.13,17807.06
155,2016-06-04,2112.13,17807.06
156,2016-06-05,2112.13,17807.06
157,2016-06-06,2119.12,17920.33
158,2016-06-07,2115.48,17938.28
159,2016-06-08,2096.07,18005.05
160,2016-06-09,2079.06,17985.19
161,2016-06-10,2075.32,17865.34
162,2016-06-11,2075.32,17865.34
163,2016-06-12,2075.32,17865.34
164,2016-06-13,2071.5,17732.48
165,2016-06-14,2077.99,17674.82
166,2016-06-15,2071.22,17640.17
167,2016-06-16,2083.25,17733.1
168,2016-06-17,2088.9,17675.16
169,2016-06-18,2088.9,17675.16
170,2016-06-19,2088.9,17675.16
171,2016-06-20,2085.45,17804.87
172,2016-06-21,2113.32,17829.73
173,2016-06-22,2037.41,17780.83
174,2016-06-23,2000.54,18011.07
175,2016-06-24,2036.09,17400.75
176,2016-06-25,2036.09,17400.75
177,2016-06-26,2036.09,17400.75
178,2016-06-27,2070.77,17140.24
179,2016-06-28,2098.86,17409.72
180,2016-06-29,2102.95,17694.68
181,2016-06-30,2088.55,17929.99
182,2016-07-01,2099.73,17949.37
183,2016-07-02,2099.73,17949.37
184,2016-07-03,2099.73,17949.37
185,2016-07-04,2099.73,17949.37
186,2016-07-05,2097.9,17840.62
187,2016-07-06,2129.9,17918.62
188,2016-07-07,2137.16,17895.88
189,2016-07-08,2152.14,18146.74
190,2016-07-09,2152.14,18146.74
191,2016-07-10,2152.14,18146.74
192,2016-07-11,2152.43,18226.93
193,2016-07-12,2163.75,18347.67
194,2016-07-13,2161.74,18372.12
195,2016-07-14,2166.89,18506.41
196,2016-07-15,2163.78,18516.55
197,2016-07-16,2163.78,18516.55
198,2016-07-17,2163.78,18516.55
199,2016-07-18,2173.02,18533.05
200,2016-07-19,2165.17,18559.01
201,2016-07-20,2175.03,18595.03
202,2016-07-21,2168.48,18517.23
203,2016-07-22,2169.18,18570.85
204,2016-07-23,2169.18,18570.85
205,2016-07-24,2169.18,18570.85
206,2016-07-25,2166.58,18493.06
207,2016-07-26,2170.06,18473.75
208,2016-07-27,2173.6,18472.17
209,2016-07-28,2170.84,18456.35
210,2016-07-29,2157.03,18432.24
211,2016-07-30,2157.03,18432.24
212,2016-07-31,2157.03,18432.24
213,2016-08-01,2163.79,18404.51
214,2016-08-02,2164.25,18313.77
215,2016-08-03,2182.87,18355.0
216,2016-08-04,2180.89,18352.05
217,2016-08-05,2181.74,18543.53
218,2016-08-06,2181.74,18543.53
219,2016-08-07,2181.74,18543.53
220,2016-08-08,2175.49,18529.29
221,2016-08-09,2185.79,18533.05
222,2016-08-10,2184.05,18495.66
223,2016-08-11,2190.15,18613.52
224,2016-08-12,2178.15,18576.47
225,2016-08-13,2178.15,18576.47
226,2016-08-14,2178.15,18576.47
227,2016-08-15,2182.22,18636.05
228,2016-08-16,2187.02,18552.02
229,2016-08-17,2183.87,18573.94
230,2016-08-18,2182.64,18597.7
231,2016-08-19,2186.9,18552.57
232,2016-08-20,2186.9,18552.57
233,2016-08-21,2186.9,18552.57
234,2016-08-22,2175.44,18529.42
235,2016-08-23,2172.47,18547.3
236,2016-08-24,2169.04,18481.48
237,2016-08-25,2180.38,18448.41
238,2016-08-26,2176.12,18395.4
239,2016-08-27,2176.12,18395.4
240,2016-08-28,2176.12,18395.4
241,2016-08-29,2170.95,18502.99
242,2016-08-30,2170.86,18454.3
243,2016-08-31,2179.98,18400.88
244,2016-09-01,2186.48,18419.3
245,2016-09-02,2186.16,18491.96
246,2016-09-03,2186.16,18491.96
247,2016-09-04,2186.16,18491.96
248,2016-09-05,2186.16,18491.96
249,2016-09-06,2181.3,18538.12
250,2016-09-07,2127.81,18526.14
251,2016-09-08,2159.04,18479.91
252,2016-09-09,2127.02,18085.45
253,2016-09-10,2127.02,18085.45
254,2016-09-11,2127.02,18085.45
255,2016-09-12,2125.77,18325.07
256,2016-09-13,2147.26,18066.75
257,2016-09-14,2139.16,18034.77
258,2016-09-15,2139.12,18212.48
259,2016-09-16,2139.76,18123.8
260,2016-09-17,2139.76,18123.8
261,2016-09-18,2139.76,18123.8
262,2016-09-19,2163.12,18120.17
263,2016-09-20,2177.18,18129.96
264,2016-09-21,2164.69,18293.7
265,2016-09-22,2146.1,18392.46
266,2016-09-23,2159.93,18261.45
267,2016-09-24,2159.93,18261.45
268,2016-09-25,2159.93,18261.45
269,2016-09-26,2171.37,18094.83
270,2016-09-27,2151.13,18228.3
271,2016-09-28,2168.27,18339.24
272,2016-09-29,2161.2,18143.45
273,2016-09-30,2150.49,18308.15
274,2016-10-01,2150.49,18308.15
275,2016-10-02,2150.49,18308.15
276,2016-10-03,2159.73,18253.85
277,2016-10-04,2160.77,18168.45
278,2016-10-05,2153.74,18281.03
279,2016-10-06,2163.66,18268.5
280,2016-10-07,2136.73,18240.49
281,2016-10-08,2136.73,18240.49
282,2016-10-09,2136.73,18240.49
283,2016-10-10,2139.18,18329.04
284,2016-10-11,2132.55,18128.66
285,2016-10-12,2132.98,18144.2
286,2016-10-13,2126.5,18098.94
287,2016-10-14,2139.6,18138.38
288,2016-10-15,2139.6,18138.38
289,2016-10-16,2139.6,18138.38
290,2016-10-17,2144.29,18086.4
291,2016-10-18,2141.34,18161.94
292,2016-10-19,2141.16,18202.62
293,2016-10-20,2151.33,18162.35
294,2016-10-21,2143.16,18145.71
295,2016-10-22,2143.16,18145.71
296,2016-10-23,2143.16,18145.71
297,2016-10-24,2139.43,18223.03
298,2016-10-25,2133.04,18169.27
299,2016-10-26,2126.41,18199.33
300,2016-10-27,2126.15,18169.68
301,2016-10-28,2111.72,18161.19
302,2016-10-29,2111.72,18161.19
303,2016-10-30,2111.72,18161.19
304,2016-10-31,2097.94,18142.42
305,2016-11-01,2088.66,18037.1
306,2016-11-02,2085.18,17959.64
307,2016-11-03,2131.52,17930.67
308,2016-11-04,2139.56,17888.28
309,2016-11-05,2139.56,17888.28
310,2016-11-06,2139.56,17888.28
311,2016-11-07,2163.26,18259.6
312,2016-11-08,2167.48,18332.74
313,2016-11-09,2164.45,18589.69
314,2016-11-10,2164.2,18807.88
315,2016-11-11,2180.39,18847.66
316,2016-11-12,2180.39,18847.66
317,2016-11-13,2180.39,18847.66
318,2016-11-14,2176.94,18868.69
319,2016-11-15,2187.12,18923.06
320,2016-11-16,2181.9,18868.14
321,2016-11-17,2198.18,18903.82
322,2016-11-18,2202.94,18867.93
323,2016-11-19,2202.94,18867.93
324,2016-11-20,2202.94,18867.93
325,2016-11-21,2204.72,18956.69
326,2016-11-22,2213.35,19023.87
327,2016-11-23,2201.72,19083.18
328,2016-11-24,2201.72,19083.18
329,2016-11-25,2204.66,19152.14
330,2016-11-26,2204.66,19152.14
331,2016-11-27,2204.66,19152.14
332,2016-11-28,2198.81,19097.9
333,2016-11-29,2191.08,19121.6
334,2016-11-30,2191.95,19123.58
335,2016-12-01,2204.71,19191.93
336,2016-12-02,2212.23,19170.42
337,2016-12-03,2212.23,19170.42
338,2016-12-04,2212.23,19170.42
339,2016-12-05,2241.35,19216.24
340,2016-12-06,2246.19,19251.78
341,2016-12-07,2259.53,19549.62
342,2016-12-08,2256.96,19614.81
343,2016-12-09,2271.72,19756.85
344,2016-12-10,2271.72,19756.85
345,2016-12-11,2271.72,19756.85
346,2016-12-12,2253.28,19796.43
347,2016-12-13,2262.03,19911.21
348,2016-12-14,2258.07,19792.53
349,2016-12-15,2262.53,19852.24
350,2016-12-16,2270.76,19843.41
351,2016-12-17,2270.76,19843.41
352,2016-12-18,2270.76,19843.41
353,2016-12-19,2265.18,19883.06
354,2016-12-20,2260.96,19974.62
355,2016-12-21,2263.79,19941.96
356,2016-12-22,2268.88,19918.88
357,2016-12-23,2249.92,19933.81
358,2016-12-24,2249.92,19933.81
359,2016-12-25,2249.92,19933.81
360,2016-12-26,2249.92,19933.81
361,2016-12-27,2249.26,19945.04
362,2016-12-28,2238.83,19833.68
363,2016-12-29,2257.83,19819.78
364,2016-12-30,2270.75,19762.6
365,2016-12-31,2270.75,19762.6
366,2017-01-01,2270.75,19762.6
367,2017-01-02,2270.75,19762.6
368,2017-01-03,2269.0,19881.76
369,2017-01-04,2276.98,19942.16
370,2017-01-05,2268.9,19899.29
371,2017-01-06,2268.9,19963.8
372,2017-01-07,2268.9,19963.8
373,2017-01-08,2268.9,19963.8
374,2017-01-09,2275.32,19887.38
375,2017-01-10,2270.44,19855.53
376,2017-01-11,2274.64,19954.28
377,2017-01-12,2267.89,19891.0
378,2017-01-13,2271.89,19885.73
379,2017-01-14,2271.89,19885.73
380,2017-01-15,2271.89,19885.73
381,2017-01-16,2271.89,19885.73
382,2017-01-17,2263.69,19826.77
383,2017-01-18,2271.31,19804.72
384,2017-01-19,2265.2,19732.4
385,2017-01-20,2280.07,19827.25
386,2017-01-21,2280.07,19827.25
387,2017-01-22,2280.07,19827.25
388,2017-01-23,2298.37,19799.85
389,2017-01-24,2296.68,19912.71
390,2017-01-25,2294.69,20068.51
391,2017-01-26,2280.9,20100.91
392,2017-01-27,2278.87,20093.78
393,2017-01-28,2278.87,20093.78
394,2017-01-29,2278.87,20093.78
395,2017-01-30,2279.55,19971.13
396,2017-01-31,2280.85,19864.09
397,2017-02-01,2297.42,19890.94
398,2017-02-02,2292.56,19884.91
399,2017-02-03,2293.08,20071.46
400,2017-02-04,2293.08,20071.46
401,2017-02-05,2293.08,20071.46
402,2017-02-06,2294.67,20052.42
403,2017-02-07,2307.87,20090.29
404,2017-02-08,2316.1,20054.34
405,2017-02-09,2328.25,20172.4
406,2017-02-10,2337.58,20269.37
407,2017-02-11,2337.58,20269.37
408,2017-02-12,2337.58,20269.37
409,2017-02-13,2349.25,20412.16
410,2017-02-14,2347.22,20504.41
411,2017-02-15,2351.16,20611.86
412,2017-02-16,2365.38,20619.77
413,2017-02-17,2362.82,20624.05
414,2017-02-18,2362.82,20624.05
415,2017-02-19,2362.82,20624.05
416,2017-02-20,2362.82,20624.05
417,2017-02-21,2363.81,20743.0
418,2017-02-22,2367.34,20775.6
419,2017-02-23,2369.75,20810.32
420,2017-02-24,2363.64,20821.76
421,2017-02-25,2363.64,20821.76
422,2017-02-26,2363.64,20821.76
423,2017-02-27,2395.96,20837.44
424,2017-02-28,2381.92,20812.24
425,2017-03-01,2383.12,21115.55
426,2017-03-02,2375.31,21002.97
427,2017-03-03,2368.39,21005.71
428,2017-03-04,2368.39,21005.71
429,2017-03-05,2368.39,21005.71
430,2017-03-06,2362.98,20954.34
431,2017-03-07,2364.87,20924.76
432,2017-03-08,2372.6,20855.73
433,2017-03-09,2373.47,20858.19
434,2017-03-10,2365.45,20902.98
435,2017-03-11,2365.45,20902.98
436,2017-03-12,2365.45,20902.98
437,2017-03-13,2385.26,20881.48
438,2017-03-14,2381.38,20837.37
439,2017-03-15,2378.25,20950.1
440,2017-03-16,2373.47,20934.55
441,2017-03-17,2344.02,20914.62
442,2017-03-18,2344.02,20914.62
443,2017-03-19,2344.02,20914.62
444,2017-03-20,2348.45,20905.86
445,2017-03-21,2345.96,20668.01
446,2017-03-22,2343.98,20661.3
447,2017-03-23,2341.59,20656.58
448,2017-03-24,2358.57,20596.72
449,2017-03-25,2358.57,20596.72
450,2017-03-26,2358.57,20596.72
451,2017-03-27,2361.13,20550.98
452,2017-03-28,2368.06,20701.5
453,2017-03-29,2362.72,20659.32
454,2017-03-30,2358.84,20728.49
455,2017-03-31,2360.16,20663.22
456,2017-04-01,2360.16,20663.22
457,2017-04-02,2360.16,20663.22
458,2017-04-03,2352.95,20650.21
459,2017-04-04,2357.49,20689.24
460,2017-04-05,2355.54,20648.15
461,2017-04-06,2357.16,20662.95
462,2017-04-07,2353.78,20656.1
463,2017-04-08,2353.78,20656.1
464,2017-04-09,2353.78,20656.1
465,2017-04-10,2344.93,20658.02
466,2017-04-11,2328.95,20651.3
467,2017-04-12,2349.01,20591.86
468,2017-04-13,2342.19,20453.25
469,2017-04-14,2342.19,20453.25
470,2017-04-15,2342.19,20453.25
471,2017-04-16,2342.19,20453.25
472,2017-04-17,2338.17,20636.92
473,2017-04-18,2355.84,20523.28
474,2017-04-19,2348.69,20404.49
475,2017-04-20,2374.15,20578.71
476,2017-04-21,2388.61,20547.76
477,2017-04-22,2388.61,20547.76
478,2017-04-23,2388.61,20547.76
479,2017-04-24,2387.45,20763.89
480,2017-04-25,2388.77,20996.12
481,2017-04-26,2384.2,20975.09
482,2017-04-27,2388.33,20981.33
483,2017-04-28,2391.17,20940.51
484,2017-04-29,2391.17,20940.51
485,2017-04-30,2391.17,20940.51
486,2017-05-01,2388.13,20913.46
487,2017-05-02,2389.52,20949.89
488,2017-05-03,2399.29,20957.9
489,2017-05-04,2399.38,20951.47
490,2017-05-05,2396.92,21006.94
491,2017-05-06,2396.92,21006.94
492,2017-05-07,2396.92,21006.94
493,2017-05-08,2399.63,21012.28
494,2017-05-09,2394.44,20975.78
495,2017-05-10,2390.9,20943.11
496,2017-05-11,2402.32,20919.42
497,2017-05-12,2400.67,20896.61
498,2017-05-13,2400.67,20896.61
499,2017-05-14,2400.67,20896.61
500,2017-05-15,2357.03,20981.94
501,2017-05-16,2365.72,20979.75
502,2017-05-17,2381.73,20606.93
503,2017-05-18,2394.02,20663.02
504,2017-05-19,2398.42,20804.84
505,2017-05-20,2398.42,20804.84
506,2017-05-21,2398.42,20804.84
507,2017-05-22,2404.39,20894.83
508,2017-05-23,2415.07,20937.91
509,2017-05-24,2415.82,21012.42
510,2017-05-25,2412.91,21082.95
511,2017-05-26,2411.8,21080.28
512,2017-05-27,2411.8,21080.28
513,2017-05-28,2411.8,21080.28
514,2017-05-29,2411.8,21080.28
515,2017-05-30,2430.06,21029.47
516,2017-05-31,2439.07,21008.65
517,2017-06-01,2436.1,21144.18
518,2017-06-02,2429.33,21206.29
519,2017-06-03,2429.33,21206.29
520,2017-06-04,2429.33,21206.29
521,2017-06-05,2433.14,21184.04
522,2017-06-06,2433.79,21136.23
523,2017-06-07,2431.77,21173.69
524,2017-06-08,2429.39,21182.53
525,2017-06-09,2440.35,21271.97
526,2017-06-10,2440.35,21271.97
527,2017-06-11,2440.35,21271.97
528,2017-06-12,2437.92,21235.67
529,2017-06-13,2432.46,21328.47
530,2017-06-14,2433.15,21374.56
531,2017-06-15,2453.46,21359.9
532,2017-06-16,2437.03,21384.28
533,2017-06-17,2437.03,21384.28
534,2017-06-18,2437.03,21384.28
535,2017-06-19,2435.61,21528.99
536,2017-06-20,2434.5,21467.14
537,2017-06-21,2438.3,21410.03
538,2017-06-22,2439.07,21397.29
539,2017-06-23,2419.38,21394.76
540,2017-06-24,2419.38,21394.76
541,2017-06-25,2419.38,21394.76
542,2017-06-26,2440.69,21409.55
543,2017-06-27,2419.7,21310.66
544,2017-06-28,2423.41,21454.61
545,2017-06-29,2429.01,21287.03
546,2017-06-30,2432.54,21349.63
547,2017-07-01,2432.54,21349.63
548,2017-07-02,2432.54,21349.63
549,2017-07-03,2409.75,21479.27
550,2017-07-04,2409.75,21479.27
551,2017-07-05,2425.18,21478.17
552,2017-07-06,2427.43,21320.04
553,2017-07-07,2425.53,21414.34
554,2017-07-08,2425.53,21414.34
555,2017-07-09,2425.53,21414.34
556,2017-07-10,2443.25,21408.52
557,2017-07-11,2447.83,21409.07
558,2017-07-12,2459.27,21532.14
559,2017-07-13,2459.14,21553.09
560,2017-07-14,2460.61,21637.74
561,2017-07-15,2460.61,21637.74
562,2017-07-16,2460.61,21637.74
563,2017-07-17,2473.83,21629.72
564,2017-07-18,2473.45,21574.73
565,2017-07-19,2472.54,21640.75
566,2017-07-20,2469.91,21611.78
567,2017-07-21,2477.13,21580.07
568,2017-07-22,2477.13,21580.07
569,2017-07-23,2477.13,21580.07
570,2017-07-24,2477.83,21513.17
571,2017-07-25,2475.42,21613.43
572,2017-07-26,2472.1,21711.01
573,2017-07-27,2470.3,21796.55
574,2017-07-28,2476.35,21830.31
575,2017-07-29,2476.35,21830.31
576,2017-07-30,2476.35,21830.31
577,2017-07-31,2477.57,21891.12
578,2017-08-01,2472.16,21963.92
579,2017-08-02,2476.83,22016.24
580,2017-08-03,2480.91,22026.1
581,2017-08-04,2474.92,22092.81
582,2017-08-05,2474.92,22092.81
583,2017-08-06,2474.92,22092.81
584,2017-08-07,2474.02,22118.42
585,2017-08-08,2438.21,22085.34
586,2017-08-09,2441.32,22048.7
587,2017-08-10,2465.84,21844.01
588,2017-08-11,2464.61,21858.32
589,2017-08-12,2464.61,21858.32
590,2017-08-13,2464.61,21858.32
591,2017-08-14,2468.11,21993.71
592,2017-08-15,2430.01,21998.99
593,2017-08-16,2425.55,22024.87
594,2017-08-17,2428.37,21750.73
595,2017-08-18,2452.51,21674.51
596,2017-08-19,2452.51,21674.51
597,2017-08-20,2452.51,21674.51
598,2017-08-21,2444.04,21703.75
599,2017-08-22,2438.97,21899.89
600,2017-08-23,2443.05,21812.09
601,2017-08-24,2444.24,21783.4
602,2017-08-25,2446.3,21813.67
603,2017-08-26,2446.3,21813.67
604,2017-08-27,2446.3,21813.67
605,2017-08-28,2457.59,21808.4
606,2017-08-29,2471.65,21865.37
607,2017-08-30,2476.55,21892.43
608,2017-08-31,2457.85,21948.1
609,2017-09-01,2465.54,21987.56
610,2017-09-02,2465.54,21987.56
611,2017-09-03,2465.54,21987.56
612,2017-09-04,2465.54,21987.56
613,2017-09-05,2465.1,21753.31
614,2017-09-06,2461.43,21807.64
615,2017-09-07,2488.11,21784.78
616,2017-09-08,2496.48,21797.79
617,2017-09-09,2496.48,21797.79
618,2017-09-10,2496.48,21797.79
619,2017-09-11,2498.37,22057.37
620,2017-09-12,2495.62,22118.86
621,2017-09-13,2500.23,22158.18
622,2017-09-14,2503.87,22203.48
623,2017-09-15,2506.65,22268.34
624,2017-09-16,2506.65,22268.34
625,2017-09-17,2506.65,22268.34
626,2017-09-18,2508.24,22331.35
627,2017-09-19,2500.6,22370.8
628,2017-09-20,2502.22,22412.59
629,2017-09-21,2496.66,22359.23
630,2017-09-22,2496.84,22349.59
631,2017-09-23,2496.84,22349.59
632,2017-09-24,2496.84,22349.59
633,2017-09-25,2507.04,22296.09
634,2017-09-26,2510.06,22284.32
635,2017-09-27,2519.36,22340.71
636,2017-09-28,2529.12,22381.2
637,2017-09-29,2534.58,22405.09
638,2017-09-30,2534.58,22405.09
639,2017-10-01,2534.58,22405.09
640,2017-10-02,2537.74,22557.6
641,2017-10-03,2552.07,22641.67
642,2017-10-04,2549.33,22661.64
643,2017-10-05,2544.73,22775.39
644,2017-10-06,2550.64,22773.67
645,2017-10-07,2550.64,22773.67
646,2017-10-08,2550.64,22773.67
647,2017-10-09,2555.24,22761.07
648,2017-10-10,2550.93,22830.68
649,2017-10-11,2553.17,22872.89
650,2017-10-12,2557.64,22841.01
651,2017-10-13,2559.36,22871.72
652,2017-10-14,2559.36,22871.72
653,2017-10-15,2559.36,22871.72
654,2017-10-16,2561.26,22956.96
655,2017-10-17,2562.1,22997.44
656,2017-10-18,2575.21,23157.6
657,2017-10-19,2564.98,23163.04
658,2017-10-20,2569.13,23328.63
659,2017-10-21,2569.13,23328.63
660,2017-10-22,2569.13,23328.63
661,2017-10-23,2557.15,23273.96
662,2017-10-24,2560.4,23441.76
663,2017-10-25,2581.07,23329.46
664,2017-10-26,2572.83,23400.86
665,2017-10-27,2575.26,23434.19
666,2017-10-28,2575.26,23434.19
667,2017-10-29,2575.26,23434.19
668,2017-10-30,2579.36,23348.74
669,2017-10-31,2579.85,23377.24
670,2017-11-01,2587.84,23435.01
671,2017-11-02,2591.13,23516.26
672,2017-11-03,2590.64,23539.19
673,2017-11-04,2590.64,23539.19
674,2017-11-05,2590.64,23539.19
675,2017-11-06,2594.38,23548.42
676,2017-11-07,2584.62,23557.23
677,2017-11-08,2582.3,23563.36
678,2017-11-09,2584.84,23461.94
679,2017-11-10,2578.87,23422.21
680,2017-11-11,2578.87,23422.21
681,2017-11-12,2578.87,23422.21
682,2017-11-13,2564.62,23439.7
683,2017-11-14,2585.64,23409.47
684,2017-11-15,2578.85,23271.28
685,2017-11-16,2582.14,23458.36
686,2017-11-17,2599.03,23358.24
687,2017-11-18,2599.03,23358.24
688,2017-11-19,2599.03,23358.24
689,2017-11-20,2597.08,23430.33
690,2017-11-21,2602.42,23590.83
691,2017-11-22,2601.42,23526.18
692,2017-11-23,2601.42,23526.18
693,2017-11-24,2627.04,23557.99
694,2017-11-25,2627.04,23557.99
695,2017-11-26,2627.04,23557.99
696,2017-11-27,2626.07,23580.78
697,2017-11-28,2647.58,23836.71
698,2017-11-29,2642.22,23940.68
699,2017-11-30,2639.44,24272.35
700,2017-12-01,2629.57,24231.59
701,2017-12-02,2629.57,24231.59
702,2017-12-03,2629.57,24231.59
703,2017-12-04,2629.27,24290.05
704,2017-12-05,2636.98,24180.64
705,2017-12-06,2651.5,24140.91
706,2017-12-07,2659.99,24211.48
707,2017-12-08,2664.11,24329.16
708,2017-12-09,2664.11,24329.16
709,2017-12-10,2664.11,24329.16
710,2017-12-11,2662.85,24386.03
711,2017-12-12,2652.01,24504.8
712,2017-12-13,2675.81,24585.43
713,2017-12-14,2690.16,24508.66
714,2017-12-15,2681.47,24651.74
715,2017-12-16,2681.47,24651.74
716,2017-12-17,2681.47,24651.74
717,2017-12-18,2679.25,24792.2
718,2017-12-19,2684.57,24754.75
719,2017-12-20,2683.34,24726.65
720,2017-12-21,2680.5,24782.29
721,2017-12-22,2682.62,24754.06
722,2017-12-23,2682.62,24754.06
723,2017-12-24,2682.62,24754.06
724,2017-12-25,2682.62,24754.06
725,2017-12-26,2687.54,24746.21
726,2017-12-27,2673.61,24774.3
727,2017-12-28,2695.81,24837.51
728,2017-12-29,2713.06,24719.22
729,2017-12-30,2713.06,24719.22
730,2017-12-31,2713.06,24719.22
731,2018-01-01,2713.06,24719.22
732,2018-01-02,2723.99,24824.01
733,2018-01-03,2743.15,24922.68
734,2018-01-04,2747.71,25075.13
735,2018-01-05,2751.29,25295.87
736,2018-01-06,2751.29,25295.87
737,2018-01-07,2751.29,25295.87
738,2018-01-08,2748.23,25283.0
739,2018-01-09,2767.56,25385.8
740,2018-01-10,2786.24,25369.13
741,2018-01-11,2776.42,25574.73
742,2018-01-12,2802.56,25803.19
743,2018-01-13,2802.56,25803.19
744,2018-01-14,2802.56,25803.19
745,2018-01-15,2802.56,25803.19
746,2018-01-16,2798.03,25792.86
747,2018-01-17,2810.3,26115.65
748,2018-01-18,2832.97,26017.81
749,2018-01-19,2839.13,26071.72
750,2018-01-20,2839.13,26071.72
751,2018-01-21,2839.13,26071.72
752,2018-01-22,2837.54,26214.6
753,2018-01-23,2839.25,26210.81
754,2018-01-24,2872.87,26252.12
755,2018-01-25,2853.53,26392.79
756,2018-01-26,2822.43,26616.71
757,2018-01-27,2822.43,26616.71
758,2018-01-28,2822.43,26616.71
759,2018-01-29,2823.81,26439.48
760,2018-01-30,2821.98,26076.89
761,2018-01-31,2762.13,26149.39
762,2018-02-01,2648.94,26186.71
763,2018-02-02,2695.14,25520.96
764,2018-02-03,2695.14,25520.96
765,2018-02-04,2695.14,25520.96
766,2018-02-05,2681.66,24345.75
767,2018-02-06,2581.0,24912.77
768,2018-02-07,2619.55,24893.35
769,2018-02-08,2656.0,23860.46
770,2018-02-09,2662.94,24190.9
771,2018-02-10,2662.94,24190.9
772,2018-02-11,2662.94,24190.9
773,2018-02-12,2698.63,24601.27
774,2018-02-13,2731.2,24640.45
775,2018-02-14,2732.22,24893.49
776,2018-02-15,2716.26,25200.37
777,2018-02-16,2701.33,25219.38
778,2018-02-17,2701.33,25219.38
779,2018-02-18,2701.33,25219.38
780,2018-02-19,2701.33,25219.38
781,2018-02-20,2703.96,24964.75
782,2018-02-21,2747.3,24797.78
783,2018-02-22,2779.6,24962.48
784,2018-02-23,2744.28,25309.99
785,2018-02-24,2744.28,25309.99
786,2018-02-25,2744.28,25309.99
787,2018-02-26,2713.83,25709.27
788,2018-02-27,2677.67,25410.03
789,2018-02-28,2691.25,25029.2
790,2018-03-01,2720.94,24608.98
791,2018-03-02,2728.12,24538.06
792,2018-03-03,2728.12,24538.06
793,2018-03-04,2728.12,24538.06
794,2018-03-05,2726.8,24874.76
795,2018-03-06,2738.97,24884.12
796,2018-03-07,2786.57,24801.36
797,2018-03-08,2783.02,24895.21
798,2018-03-09,2765.31,25335.74
799,2018-03-10,2765.31,25335.74
800,2018-03-11,2765.31,25335.74
801,2018-03-12,2749.48,25178.61
802,2018-03-13,2747.33,25007.03
803,2018-03-14,2752.01,24758.12
804,2018-03-15,2712.92,24873.66
805,2018-03-16,2716.94,24946.51
806,2018-03-17,2716.94,24946.51
807,2018-03-18,2716.94,24946.51
808,2018-03-19,2711.93,24610.91
809,2018-03-20,2643.69,24727.27
810,2018-03-21,2588.26,24682.31
811,2018-03-22,2658.55,23957.89
812,2018-03-23,2612.62,23533.2
813,2018-03-24,2612.62,23533.2
814,2018-03-25,2612.62,23533.2
815,2018-03-26,2605.0,24202.6
816,2018-03-27,2640.87,23857.71
817,2018-03-28,2581.88,23848.42
818,2018-03-29,2614.45,24103.11
819,2018-03-30,2614.45,24103.11
820,2018-03-31,2614.45,24103.11
821,2018-04-01,2614.45,24103.11
822,2018-04-02,2644.69,23644.19
823,2018-04-03,2662.84,24033.36
824,2018-04-04,2604.47,24264.3
825,2018-04-05,2613.16,24505.22
826,2018-04-06,2656.87,23932.76
827,2018-04-07,2656.87,23932.76
828,2018-04-08,2656.87,23932.76
829,2018-04-09,2642.19,23979.1
830,2018-04-10,2663.99,24408.0
831,2018-04-11,2656.3,24189.45
832,2018-04-12,2677.84,24483.05
833,2018-04-13,2706.39,24360.14
834,2018-04-14,2706.39,24360.14
835,2018-04-15,2706.39,24360.14
836,2018-04-16,2708.64,24573.04
837,2018-04-17,2693.13,24786.63
838,2018-04-18,2670.14,24748.07
839,2018-04-19,2670.29,24664.89
840,2018-04-20,2634.56,24462.94
841,2018-04-21,2634.56,24462.94
842,2018-04-22,2634.56,24462.94
843,2018-04-23,2639.4,24448.69
844,2018-04-24,2666.94,24024.13
845,2018-04-25,2669.91,24083.83
846,2018-04-26,2648.05,24322.34
847,2018-04-27,2654.8,24311.19
848,2018-04-28,2654.8,24311.19
849,2018-04-29,2654.8,24311.19
850,2018-04-30,2635.67,24163.15
851,2018-05-01,2629.73,24099.05
852,2018-05-02,2663.42,23924.98
853,2018-05-03,2672.63,23930.15
854,2018-05-04,2671.92,24262.51
855,2018-05-05,2671.92,24262.51
856,2018-05-06,2671.92,24262.51
857,2018-05-07,2697.79,24357.32
858,2018-05-08,2723.07,24360.21
859,2018-05-09,2727.72,24542.54
860,2018-05-10,2730.13,24739.53
861,2018-05-11,2711.45,24831.17
862,2018-05-12,2711.45,24831.17
863,2018-05-13,2711.45,24831.17
864,2018-05-14,2722.46,24899.41
865,2018-05-15,2720.13,24706.41
866,2018-05-16,2712.97,24768.93
867,2018-05-17,2733.01,24713.98
868,2018-05-18,2724.44,24715.09
869,2018-05-19,2724.44,24715.09
870,2018-05-20,2724.44,24715.09
871,2018-05-21,2733.29,25013.29
872,2018-05-22,2727.76,24834.41
873,2018-05-23,2721.33,24886.81
874,2018-05-24,2689.86,24811.76
875,2018-05-25,2724.01,24753.09
876,2018-05-26,2724.01,24753.09
877,2018-05-27,2724.01,24753.09
878,2018-05-28,2724.01,24753.09
879,2018-05-29,2705.27,24361.45
880,2018-05-30,2734.62,24667.78
881,2018-05-31,2746.87,24415.84
882,2018-06-01,2748.8,24635.21
883,2018-06-02,2748.8,24635.21
884,2018-06-03,2748.8,24635.21
885,2018-06-04,2772.35,24813.69
886,2018-06-05,2770.37,24799.98
887,2018-06-06,2779.03,25146.39
888,2018-06-07,2782.0,25241.41
889,2018-06-08,2786.85,25316.53
890,2018-06-09,2786.85,25316.53
891,2018-06-10,2786.85,25316.53
892,2018-06-11,2775.63,25322.31
893,2018-06-12,2782.49,25320.73
894,2018-06-13,2779.66,25201.2
895,2018-06-14,2773.75,25175.31
896,2018-06-15,2762.59,25090.48
897,2018-06-16,2762.59,25090.48
898,2018-06-17,2762.59,25090.48
899,2018-06-18,2767.32,24987.47
900,2018-06-19,2749.76,24700.21
901,2018-06-20,2754.88,24657.8
902,2018-06-21,2717.07,24461.7
903,2018-06-22,2723.06,24580.89
904,2018-06-23,2723.06,24580.89
905,2018-06-24,2723.06,24580.89
906,2018-06-25,2699.63,24252.8
907,2018-06-26,2716.31,24283.11
908,2018-06-27,2718.37,24117.59
909,2018-06-28,2726.71,24216.05
910,2018-06-29,2713.22,24271.41
911,2018-06-30,2713.22,24271.41
912,2018-07-01,2713.22,24271.41
913,2018-07-02,2736.61,24307.18
914,2018-07-03,2759.82,24174.82
915,2018-07-04,2759.82,24174.82
916,2018-07-05,2784.17,24356.74
917,2018-07-06,2793.84,24456.48
918,2018-07-07,2793.84,24456.48
919,2018-07-08,2793.84,24456.48
920,2018-07-09,2774.02,24776.59
921,2018-07-10,2798.29,24919.66
922,2018-07-11,2801.31,24700.45
923,2018-07-12,2798.43,24924.89
924,2018-07-13,2809.55,25019.41
925,2018-07-14,2809.55,25019.41
926,2018-07-15,2809.55,25019.41
927,2018-07-16,2815.62,25064.36
928,2018-07-17,2804.49,25119.89
929,2018-07-18,2801.83,25199.29
930,2018-07-19,2806.98,25064.5
931,2018-07-20,2820.4,25058.12
932,2018-07-21,2820.4,25058.12
933,2018-07-22,2820.4,25058.12
934,2018-07-23,2846.07,25044.29
935,2018-07-24,2837.44,25241.94
936,2018-07-25,2818.82,25414.1
937,2018-07-26,2802.6,25527.07
938,2018-07-27,2816.29,25451.06
939,2018-07-28,2816.29,25451.06
940,2018-07-29,2816.29,25451.06
941,2018-07-30,2813.36,25306.83
942,2018-07-31,2827.22,25415.19
943,2018-08-01,2840.35,25333.82
944,2018-08-02,2850.4,25326.16
945,2018-08-03,2858.45,25462.58
946,2018-08-04,2858.45,25462.58
947,2018-08-05,2858.45,25462.58
948,2018-08-06,2857.7,25502.18
949,2018-08-07,2853.58,25628.91
950,2018-08-08,2833.28,25583.75
951,2018-08-09,2821.93,25509.23
952,2018-08-10,2839.96,25313.14
953,2018-08-11,2839.96,25313.14
954,2018-08-12,2839.96,25313.14
955,2018-08-13,2818.37,25187.7
956,2018-08-14,2840.69,25299.92
957,2018-08-15,2850.13,25162.41
958,2018-08-16,2857.05,25558.73
959,2018-08-17,2862.96,25669.32
960,2018-08-18,2862.96,25669.32
961,2018-08-19,2862.96,25669.32
962,2018-08-20,2861.82,25758.69
963,2018-08-21,2856.98,25822.29
964,2018-08-22,2874.69,25733.6
965,2018-08-23,2896.74,25656.98
966,2018-08-24,2897.52,25790.35
967,2018-08-25,2897.52,25790.35
968,2018-08-26,2897.52,25790.35
969,2018-08-27,2914.04,26049.64
970,2018-08-28,2901.13,26064.02
971,2018-08-29,2901.52,26124.57
972,2018-08-30,2896.72,25986.92
973,2018-08-31,2888.6,25964.82
974,2018-09-01,2888.6,25964.82
975,2018-09-02,2888.6,25964.82
976,2018-09-03,2888.6,25964.82
977,2018-09-04,2878.05,25952.48
978,2018-09-05,2871.68,25974.99
979,2018-09-06,2877.13,25995.87
980,2018-09-07,2887.89,25916.54
981,2018-09-08,2887.89,25916.54
982,2018-09-09,2887.89,25916.54
983,2018-09-10,2888.92,25857.07
984,2018-09-11,2904.18,25971.06
985,2018-09-12,2904.98,25998.92
986,2018-09-13,2888.8,26145.99
987,2018-09-14,2904.31,26154.67
988,2018-09-15,2904.31,26154.67
989,2018-09-16,2904.31,26154.67
990,2018-09-17,2907.95,26062.12
991,2018-09-18,2930.75,26246.96
992,2018-09-19,2929.67,26405.76
993,2018-09-20,2919.37,26656.98
994,2018-09-21,2915.56,26743.5
995,2018-09-22,2915.56,26743.5
996,2018-09-23,2915.56,26743.5
997,2018-09-24,2905.97,26562.05
998,2018-09-25,2914.0,26492.21
999,2018-09-26,2913.98,26385.28
1000,2018-09-27,2924.59,26439.93
1001,2018-09-28,2923.43,26458.31
1002,2018-09-29,2923.43,26458.31
1003,2018-09-30,2923.43,26458.31
1004,2018-10-01,2925.51,26651.21
1005,2018-10-02,2901.61,26773.94
1006,2018-10-03,2885.57,26828.39
1007,2018-10-04,2884.43,26627.48
1008,2018-10-05,2880.34,26447.05
1009,2018-10-06,2880.34,26447.05
1010,2018-10-07,2880.34,26447.05
1011,2018-10-08,2880.34,26447.05
1012,2018-10-09,2785.68,26430.57
1013,2018-10-10,2728.37,25598.74
1014,2018-10-11,2767.13,25052.83
1015,2018-10-12,2750.79,25339.99
1016,2018-10-13,2750.79,25339.99
1017,2018-10-14,2750.79,25339.99
1018,2018-10-15,2809.92,25250.55
1019,2018-10-16,2809.21,25798.42
1020,2018-10-17,2768.78,25706.68
1021,2018-10-18,2767.78,25379.45
1022,2018-10-19,2755.88,25444.34
1023,2018-10-20,2755.88,25444.34
1024,2018-10-21,2755.88,25444.34
1025,2018-10-22,2740.69,25317.41
1026,2018-10-23,2656.1,25191.43
1027,2018-10-24,2705.57,24583.42
1028,2018-10-25,2658.69,24984.55
1029,2018-10-26,2641.25,24688.31
1030,2018-10-27,2641.25,24688.31
1031,2018-10-28,2641.25,24688.31
1032,2018-10-29,2682.63,24442.92
1033,2018-10-30,2711.74,24874.64
1034,2018-10-31,2740.37,25115.76
1035,2018-11-01,2723.06,25380.74
1036,2018-11-02,2738.31,25270.83
1037,2018-11-03,2738.31,25270.83
1038,2018-11-04,2738.31,25270.83
1039,2018-11-05,2755.45,25461.7
1040,2018-11-06,2813.89,25635.01
1041,2018-11-07,2806.83,26180.3
1042,2018-11-08,2781.01,26191.22
1043,2018-11-09,2726.22,25989.3
1044,2018-11-10,2726.22,25989.3
1045,2018-11-11,2726.22,25989.3
1046,2018-11-12,2726.22,25989.3
1047,2018-11-13,2722.18,25286.49
1048,2018-11-14,2701.58,25080.5
1049,2018-11-15,2730.2,25289.27
1050,2018-11-16,2736.27,25413.22
1051,2018-11-17,2736.27,25413.22
1052,2018-11-18,2736.27,25413.22
1053,2018-11-19,2690.73,25017.44
1054,2018-11-20,2641.89,24465.64
1055,2018-11-21,2649.93,24464.69
1056,2018-11-22,2649.93,24464.69
1057,2018-11-23,2632.56,24285.95
1058,2018-11-24,2632.56,24285.95
1059,2018-11-25,2632.56,24285.95
1060,2018-11-26,2673.45,24640.24
1061,2018-11-27,2682.17,24748.73
1062,2018-11-28,2743.79,25366.43
1063,2018-11-29,2737.76,25338.84
1064,2018-11-30,2760.17,25538.46
1065,2018-12-01,2760.17,25538.46
1066,2018-12-02,2760.17,25538.46
1067,2018-12-03,2790.37,25826.43
1068,2018-12-04,2700.06,25027.07
1069,2018-12-05,2700.06,25027.07
1070,2018-12-06,2695.95,24947.67
1071,2018-12-07,2633.08,24388.95
1072,2018-12-08,2633.08,24388.95
1073,2018-12-09,2633.08,24388.95
1074,2018-12-10,2637.72,24423.26
1075,2018-12-11,2636.78,24370.24
1076,2018-12-12,2651.07,24527.27
1077,2018-12-13,2650.54,24597.38
1078,2018-12-14,2599.95,24100.51
1079,2018-12-15,2599.95,24100.51
1080,2018-12-16,2599.95,24100.51
1081,2018-12-17,2545.94,23592.98
1082,2018-12-18,2546.16,23675.64
1083,2018-12-19,2506.96,23323.66
1084,2018-12-20,2467.42,22859.6
1085,2018-12-21,2416.62,22445.37
1086,2018-12-22,2416.62,22445.37
1087,2018-12-23,2416.62,22445.37
1088,2018-12-24,2351.1,21792.2
1089,2018-12-25,2351.1,21792.2
1090,2018-12-26,2467.7,22878.45
1091,2018-12-27,2488.83,23138.82
1092,2018-12-28,2485.74,23062.4
1093,2018-12-29,2485.74,23062.4
1094,2018-12-30,2485.74,23062.4
1095,2018-12-31,2506.85,23327.46
1096,2019-01-01,2506.85,23327.46
1097,2019-01-02,2510.03,23346.24
1098,2019-01-03,2447.89,22686.22
1099,2019-01-04,2531.94,23433.16
1100,2019-01-05,2531.94,23433.16
1101,2019-01-06,2531.94,23433.16
1102,2019-01-07,2549.69,23531.35
1103,2019-01-08,2574.41,23787.45
1104,2019-01-09,2584.96,23879.12
1105,2019-01-10,2596.64,24001.92
1106,2019-01-11,2596.26,23995.95
1107,2019-01-12,2596.26,23995.95
1108,2019-01-13,2596.26,23995.95
1109,2019-01-14,2582.61,23909.84
1110,2019-01-15,2610.3,24065.59
1111,2019-01-16,2616.1,24207.16
1112,2019-01-17,2635.96,24370.1
1113,2019-01-18,2670.71,24706.35
1114,2019-01-19,2670.71,24706.35
1115,2019-01-20,2670.71,24706.35
1116,2019-01-21,2670.71,24706.35
1117,2019-01-22,2632.9,24404.48
1118,2019-01-23,2638.7,24575.62
1119,2019-01-24,2642.33,24553.24
1120,2019-01-25,2664.76,24737.2
1121,2019-01-26,2664.76,24737.2
1122,2019-01-27,2664.76,24737.2
1123,2019-01-28,2643.85,24528.22
1124,2019-01-29,2640.0,24579.96
1125,2019-01-30,2681.05,25014.86
1126,2019-01-31,2704.1,24999.67
1127,2019-02-01,2706.53,25063.89
1128,2019-02-02,2706.53,25063.89
1129,2019-02-03,2706.53,25063.89
1130,2019-02-04,2724.87,25239.37
1131,2019-02-05,2737.7,25411.52
1132,2019-02-06,2731.61,25390.3
1133,2019-02-07,2706.05,25169.53
1134,2019-02-08,2707.88,25106.33
1135,2019-02-09,2707.88,25106.33
1136,2019-02-10,2707.88,25106.33
1137,2019-02-11,2709.8,25053.11
1138,2019-02-12,2744.73,25425.76
1139,2019-02-13,2753.03,25543.27
1140,2019-02-14,2745.73,25439.39
1141,2019-02-15,2775.6,25883.25
1142,2019-02-16,2775.6,25883.25
1143,2019-02-17,2775.6,25883.25
1144,2019-02-18,2775.6,25883.25
1145,2019-02-19,2779.76,25891.32
1146,2019-02-20,2784.7,25954.44
1147,2019-02-21,2774.88,25850.63
1148,2019-02-22,2792.67,26031.81
1149,2019-02-23,2792.67,26031.81
1150,2019-02-24,2792.67,26031.81
1151,2019-02-25,2796.11,26091.95
1152,2019-02-26,2793.9,26057.98
1153,2019-02-27,2792.38,25985.16
1154,2019-02-28,2784.49,25916.0
1155,2019-03-01,2803.69,26026.32
1156,2019-03-02,2803.69,26026.32
1157,2019-03-03,2803.69,26026.32
1158,2019-03-04,2792.81,25819.65
1159,2019-03-05,2789.65,25806.63
1160,2019-03-06,2771.45,25673.46
1161,2019-03-07,2748.93,25473.23
1162,2019-03-08,2743.07,25450.24
1163,2019-03-09,2743.07,25450.24
1164,2019-03-10,2743.07,25450.24
1165,2019-03-11,2783.3,25650.88
1166,2019-03-12,2791.52,25554.66
1167,2019-03-13,2810.92,25702.89
1168,2019-03-14,2808.48,25709.94
1169,2019-03-15,2822.48,25848.87
1170,2019-03-16,2822.48,25848.87
1171,2019-03-17,2822.48,25848.87
1172,2019-03-18,2832.94,25914.1
1173,2019-03-19,2832.57,25887.38
1174,2019-03-20,2824.23,25745.67
1175,2019-03-21,2854.88,25962.51
1176,2019-03-22,2800.71,25502.32
1177,2019-03-23,2800.71,25502.32
1178,2019-03-24,2800.71,25502.32
1179,2019-03-25,2798.36,25516.83
1180,2019-03-26,2818.46,25657.73
1181,2019-03-27,2805.37,25625.59
1182,2019-03-28,2815.44,25717.46
1183,2019-03-29,2834.4,25928.68
1184,2019-03-30,2834.4,25928.68
1185,2019-03-31,2834.4,25928.68
1186,2019-04-01,2867.19,26258.42
1187,2019-04-02,2867.24,26179.13
1188,2019-04-03,2873.4,26218.13
1189,2019-04-04,2879.39,26384.63
1190,2019-04-05,2892.74,26424.99
1191,2019-04-06,2892.74,26424.99
1192,2019-04-07,2892.74,26424.99
1193,2019-04-08,2895.77,26341.02
1194,2019-04-09,2878.2,26150.58
1195,2019-04-10,2888.21,26157.16
1196,2019-04-11,2888.32,26143.05
1197,2019-04-12,2907.41,26412.3
1198,2019-04-13,2907.41,26412.3
1199,2019-04-14,2907.41,26412.3
1200,2019-04-15,2905.58,26384.77
1201,2019-04-16,2907.06,26452.66
1202,2019-04-17,2900.45,26449.54
1203,2019-04-18,2905.03,26559.54
1204,2019-04-19,2905.03,26559.54
1205,2019-04-20,2905.03,26559.54
1206,2019-04-21,2905.03,26559.54
1207,2019-04-22,2907.97,26511.05
1208,2019-04-23,2933.68,26656.39
1209,2019-04-24,2927.25,26597.05
1210,2019-04-25,2926.17,26462.08
1211,2019-04-26,2939.88,26543.33
1212,2019-04-27,2939.88,26543.33
1213,2019-04-28,2939.88,26543.33
1214,2019-04-29,2943.03,26554.39
1215,2019-04-30,2945.83,26592.91
1216,2019-05-01,2923.73,26430.14
1217,2019-05-02,2917.52,26307.79
1218,2019-05-03,2945.64,26504.95
1219,2019-05-04,2945.64,26504.95
1220,2019-05-05,2945.64,26504.95
1221,2019-05-06,2932.47,26438.48
1222,2019-05-07,2884.05,25965.09
1223,2019-05-08,2879.42,25967.33
1224,2019-05-09,2870.72,25828.36
1225,2019-05-10,2881.4,25942.37
1226,2019-05-11,2881.4,25942.37
1227,2019-05-12,2881.4,25942.37
1228,2019-05-13,2811.87,25324.99
1229,2019-05-14,2834.41,25532.05
1230,2019-05-15,2850.96,25648.02
1231,2019-05-16,2876.32,25862.68
1232,2019-05-17,2859.53,25764.0
1233,2019-05-18,2859.53,25764.0
1234,2019-05-19,2859.53,25764.0
1235,2019-05-20,2840.23,25679.9
1236,2019-05-21,2864.36,25877.33
1237,2019-05-22,2856.27,25776.61
1238,2019-05-23,2822.24,25490.47
1239,2019-05-24,2826.06,25585.69
1240,2019-05-25,2826.06,25585.69
1241,2019-05-26,2826.06,25585.69
1242,2019-05-27,2826.06,25585.69
1243,2019-05-28,2802.39,25347.77
1244,2019-05-29,2783.02,25126.41
1245,2019-05-30,2788.86,25169.88
1246,2019-05-31,2752.06,24815.04
1247,2019-06-01,2752.06,24815.04
1248,2019-06-02,2752.06,24815.04
1249,2019-06-03,2744.45,24819.78
1250,2019-06-04,2803.27,25332.18
1251,2019-06-05,2826.15,25539.57
1252,2019-06-06,2843.49,25720.66
1253,2019-06-07,2873.34,25983.94
1254,2019-06-08,2873.34,25983.94
1255,2019-06-09,2873.34,25983.94
1256,2019-06-10,2886.73,26062.68
1257,2019-06-11,2885.72,26048.51
1258,2019-06-12,2879.84,26004.83
1259,2019-06-13,2891.64,26106.77
1260,2019-06-14,2886.98,26089.61
1261,2019-06-15,2886.98,26089.61
1262,2019-06-16,2886.98,26089.61
1263,2019-06-17,2889.67,26112.53
1264,2019-06-18,2917.75,26465.54
1265,2019-06-19,2926.46,26504.0
1266,2019-06-20,2954.18,26753.17
1267,2019-06-21,2950.46,26719.13
1268,2019-06-22,2950.46,26719.13
1269,2019-06-23,2950.46,26719.13
1270,2019-06-24,2945.35,26727.54
1271,2019-06-25,2917.38,26548.22
1272,2019-06-26,2913.78,26536.82
1273,2019-06-27,2924.92,26526.58
1274,2019-06-28,2941.76,26599.96
1275,2019-06-29,2941.76,26599.96
1276,2019-06-30,2941.76,26599.96
1277,2019-07-01,2964.33,26717.43
1278,2019-07-02,2973.01,26786.68
1279,2019-07-03,2995.82,26966.0
1280,2019-07-04,2995.82,26966.0
1281,2019-07-05,2990.41,26922.12
1282,2019-07-06,2990.41,26922.12
1283,2019-07-07,2990.41,26922.12
1284,2019-07-08,2975.95,26806.14
1285,2019-07-09,2979.63,26783.49
1286,2019-07-10,2993.07,26860.2
1287,2019-07-11,2999.91,27088.08
1288,2019-07-12,3013.77,27332.03
1289,2019-07-13,3013.77,27332.03
1290,2019-07-14,3013.77,27332.03
1291,2019-07-15,3014.3,27359.16
1292,2019-07-16,3004.04,27335.63
1293,2019-07-17,2984.42,27219.85
1294,2019-07-18,2995.11,27222.97
1295,2019-07-19,2976.61,27154.2
1296,2019-07-20,2976.61,27154.2
1297,2019-07-21,2976.61,27154.2
1298,2019-07-22,2985.03,27171.9
1299,2019-07-23,3005.47,27349.19
1300,2019-07-24,3019.56,27269.97
1301,2019-07-25,3003.67,27140.98
1302,2019-07-26,3025.86,27192.45
1303,2019-07-27,3025.86,27192.45
1304,2019-07-28,3025.86,27192.45
1305,2019-07-29,3020.97,27221.35
1306,2019-07-30,3013.18,27198.02
1307,2019-07-31,2980.38,26864.27
1308,2019-08-01,2953.56,26583.42
1309,2019-08-02,2932.05,26485.01
1310,2019-08-03,2932.05,26485.01
1311,2019-08-04,2932.05,26485.01
1312,2019-08-05,2844.74,25717.74
1313,2019-08-06,2881.77,26029.52
1314,2019-08-07,2883.98,26007.07
1315,2019-08-08,2938.09,26378.19
1316,2019-08-09,2918.65,26287.44
1317,2019-08-10,2918.65,26287.44
1318,2019-08-11,2918.65,26287.44
1319,2019-08-12,2883.75,25897.71
1320,2019-08-13,2926.32,26279.91
1321,2019-08-14,2840.6,25479.42
1322,2019-08-15,2847.6,25579.39
1323,2019-08-16,2888.68,25886.01
1324,2019-08-17,2888.68,25886.01
1325,2019-08-18,2888.68,25886.01
1326,2019-08-19,2923.65,26135.79
1327,2019-08-20,2900.51,25962.44
1328,2019-08-21,2924.43,26202.73
1329,2019-08-22,2922.95,26252.24
1330,2019-08-23,2847.11,25628.9
1331,2019-08-24,2847.11,25628.9
1332,2019-08-25,2847.11,25628.9
1333,2019-08-26,2878.38,25898.83
1334,2019-08-27,2869.16,25777.9
1335,2019-08-28,2887.94,26036.1
1336,2019-08-29,2924.58,26362.25
1337,2019-08-30,2926.46,26403.28
1338,2019-08-31,2926.46,26403.28
1339,2019-09-01,2926.46,26403.28
1340,2019-09-02,2926.46,26403.28
1341,2019-09-03,2906.27,26118.02
1342,2019-09-04,2937.78,26355.47
1343,2019-09-05,2976.0,26728.15
1344,2019-09-06,2978.71,26797.46
1345,2019-09-07,2978.71,26797.46
1346,2019-09-08,2978.71,26797.46
1347,2019-09-09,2978.43,26835.51
1348,2019-09-10,2979.39,26909.43
1349,2019-09-11,3000.93,27137.04
1350,2019-09-12,3009.57,27182.45
1351,2019-09-13,3007.39,27219.52
1352,2019-09-14,3007.39,27219.52
1353,2019-09-15,3007.39,27219.52
1354,2019-09-16,2997.96,27076.82
1355,2019-09-17,3005.7,27110.8
1356,2019-09-18,3006.73,27147.08
1357,2019-09-19,3006.79,27094.79
1358,2019-09-20,2992.07,26935.07
1359,2019-09-21,2992.07,26935.07
1360,2019-09-22,2992.07,26935.07
1361,2019-09-23,2991.78,26949.99
1362,2019-09-24,2966.6,26807.77
1363,2019-09-25,2984.87,26970.71
1364,2019-09-26,2977.62,26891.12
1365,2019-09-27,2961.79,26820.25
1366,2019-09-28,2961.79,26820.25
1367,2019-09-29,2961.79,26820.25
1368,2019-09-30,2976.74,26916.83
1369,2019-10-01,2940.25,26573.04
1370,2019-10-02,2887.61,26078.62
1371,2019-10-03,2910.63,26201.04
1372,2019-10-04,2952.01,26573.72
1373,2019-10-05,2952.01,26573.72
1374,2019-10-06,2952.01,26573.72
1375,2019-10-07,2938.79,26478.02
1376,2019-10-08,2893.06,26164.04
1377,2019-10-09,2919.4,26346.01
1378,2019-10-10,2938.13,26496.67
1379,2019-10-11,2970.27,26816.59
1380,2019-10-12,2970.27,26816.59
1381,2019-10-13,2970.27,26816.59
1382,2019-10-14,2966.15,26787.36
1383,2019-10-15,2995.68,27024.8
1384,2019-10-16,2989.69,27001.98
1385,2019-10-17,2997.95,27025.88
1386,2019-10-18,2986.2,26770.2
1387,2019-10-19,2986.2,26770.2
1388,2019-10-20,2986.2,26770.2
1389,2019-10-21,3006.72,26827.64
1390,2019-10-22,2995.99,26788.1
1391,2019-10-23,3004.52,26833.95
1392,2019-10-24,3010.29,26805.53
1393,2019-10-25,3022.55,26958.06
1394,2019-10-26,3022.55,26958.06
1395,2019-10-27,3022.55,26958.06
1396,2019-10-28,3039.42,27090.72
1397,2019-10-29,3036.89,27071.42
1398,2019-10-30,3046.77,27186.69
1399,2019-10-31,3037.56,27046.23
1400,2019-11-01,3066.91,27347.36
1401,2019-11-02,3066.91,27347.36
1402,2019-11-03,3066.91,27347.36
1403,2019-11-04,3078.27,27462.11
1404,2019-11-05,3074.62,27492.63
1405,2019-11-06,3076.78,27492.56
1406,2019-11-07,3085.18,27674.8
1407,2019-11-08,3093.08,27681.24
1408,2019-11-09,3093.08,27681.24
1409,2019-11-10,3093.08,27681.24
1410,2019-11-11,3087.01,27691.49
1411,2019-11-12,3091.84,27691.49
1412,2019-11-13,3094.04,27783.59
1413,2019-11-14,3096.63,27781.96
1414,2019-11-15,3120.46,28004.89
1415,2019-11-16,3120.46,28004.89
1416,2019-11-17,3120.46,28004.89
1417,2019-11-18,3122.03,28036.22
1418,2019-11-19,3120.18,27934.02
1419,2019-11-20,3108.46,27821.09
1420,2019-11-21,3103.54,27766.29
1421,2019-11-22,3110.29,27875.62
1422,2019-11-23,3110.29,27875.62
1423,2019-11-24,3110.29,27875.62
1424,2019-11-25,3133.64,28066.47
1425,2019-11-26,3140.52,28121.68
1426,2019-11-27,3153.63,28164.0
1427,2019-11-28,3153.63,28164.0
1428,2019-11-29,3140.98,28051.41
1429,2019-11-30,3140.98,28051.41
1430,2019-12-01,3140.98,28051.41
1431,2019-12-02,3113.87,27783.04
1432,2019-12-03,3093.2,27502.81
1433,2019-12-04,3112.76,27649.78
1434,2019-12-05,3117.43,27677.79
1435,2019-12-06,3145.91,28015.06
1436,2019-12-07,3145.91,28015.06
1437,2019-12-08,3145.91,28015.06
1438,2019-12-09,3135.96,27909.6
1439,2019-12-10,3132.52,27881.72
1440,2019-12-11,3141.63,27911.3
1441,2019-12-12,3168.57,28132.05
1442,2019-12-13,3168.8,28135.38
1443,2019-12-14,3168.8,28135.38
1444,2019-12-15,3168.8,28135.38
1445,2019-12-16,3191.45,28235.89
1446,2019-12-17,3192.52,28267.16
1447,2019-12-18,3191.14,28239.28
1448,2019-12-19,3205.37,28376.96
1449,2019-12-20,3221.22,28455.09
1450,2019-12-21,3221.22,28455.09
1451,2019-12-22,3221.22,28455.09
1452,2019-12-23,3224.01,28551.53
1453,2019-12-24,3223.38,28515.45
1454,2019-12-25,3223.38,28515.45
1455,2019-12-26,3239.91,28621.39
1456,2019-12-27,3240.02,28645.26
1457,2019-12-28,3240.02,28645.26
1458,2019-12-29,3240.02,28645.26
1459,2019-12-30,3221.29,28462.14
1460,2019-12-31,3230.78,28538.44
1461,2020-01-01,3230.78,28538.44
1462,2020-01-02,3257.85,28868.8
1463,2020-01-03,3234.85,28634.88
1464,2020-01-04,3234.85,28634.88
1465,2020-01-05,3234.85,28634.88
1466,2020-01-06,3246.28,28703.38
1467,2020-01-07,3237.18,28583.68
1468,2020-01-08,3253.05,28745.09
1469,2020-01-09,3274.7,28956.9
1470,2020-01-10,3265.35,28823.77
1471,2020-01-11,3265.35,28823.77
1472,2020-01-12,3265.35,28823.77
1473,2020-01-13,3288.13,28907.05
1474,2020-01-14,3283.15,28939.67
1475,2020-01-15,3289.29,29030.22
1476,2020-01-16,3316.81,29297.64
1477,2020-01-17,3329.62,29348.1
1478,2020-01-18,3329.62,29348.1
1479,2020-01-19,3329.62,29348.1
1480,2020-01-20,3329.62,29348.1
1481,2020-01-21,3320.79,29196.04
1482,2020-01-22,3321.75,29186.27
1483,2020-01-23,3325.54,29160.09
1484,2020-01-24,3295.47,28989.73
1485,2020-01-25,3295.47,28989.73
1486,2020-01-26,3295.47,28989.73
1487,2020-01-27,3243.63,28535.8
1488,2020-01-28,3276.24,28722.85
1489,2020-01-29,3273.4,28734.45
1490,2020-01-30,3283.66,28859.44
1491,2020-01-31,3225.52,28256.03
1492,2020-02-01,3225.52,28256.03
1493,2020-02-02,3225.52,28256.03
1494,2020-02-03,3248.92,28399.81
1495,2020-02-04,3297.59,28807.63
1496,2020-02-05,3334.69,29290.85
1497,2020-02-06,3345.78,29379.77
1498,2020-02-07,3327.71,29102.51
1499,2020-02-08,3327.71,29102.51
1500,2020-02-09,3327.71,29102.51
1501,2020-02-10,3352.09,29276.82
1502,2020-02-11,3357.75,29276.34
1503,2020-02-12,3379.45,29551.42
1504,2020-02-13,3373.94,29423.31
1505,2020-02-14,3380.16,29398.08
1506,2020-02-15,3380.16,29398.08
1507,2020-02-16,3380.16,29398.08
1508,2020-02-17,3380.16,29398.08
1509,2020-02-18,3370.29,29232.19
1510,2020-02-19,3386.15,29348.03
1511,2020-02-20,3373.23,29219.98
1512,2020-02-21,3337.75,28992.41
1513,2020-02-22,3337.75,28992.41
1514,2020-02-23,3337.75,28992.41
1515,2020-02-24,3225.89,27960.8
1516,2020-02-25,3128.21,27081.36
1517,2020-02-26,3116.39,26957.59
1518,2020-02-27,2978.76,25766.64
1519,2020-02-28,2954.22,25409.36
1520,2020-02-29,2954.22,25409.36
1521,2020-03-01,2954.22,25409.36
1522,2020-03-02,3090.23,26703.32
1523,2020-03-03,3003.37,25917.41
1524,2020-03-04,3130.12,27090.86
1525,2020-03-05,3023.94,26121.28
1526,2020-03-06,2972.37,25864.78
1527,2020-03-07,2972.37,25864.78
1528,2020-03-08,2972.37,25864.78
1529,2020-03-09,2746.56,23851.02
1530,2020-03-10,2882.23,25018.16
1531,2020-03-11,2741.38,23553.22
1532,2020-03-12,2480.64,21200.62
1533,2020-03-13,2711.02,23185.62
1534,2020-03-14,2711.02,23185.62
1535,2020-03-15,2711.02,23185.62
1536,2020-03-16,2386.13,20188.52
1537,2020-03-17,2529.19,21237.38
1538,2020-03-18,2398.1,19898.92
1539,2020-03-19,2409.39,20087.19
1540,2020-03-20,2304.92,19173.98
1541,2020-03-21,2304.92,19173.98
1542,2020-03-22,2304.92,19173.98
1543,2020-03-23,2237.4,18591.93
1544,2020-03-24,2447.33,20704.91
1545,2020-03-25,2475.56,21200.55
1546,2020-03-26,2630.07,22552.17
1547,2020-03-27,2541.47,21636.78
1548,2020-03-28,2541.47,21636.78
1549,2020-03-29,2541.47,21636.78
1550,2020-03-30,2626.65,22327.48
1551,2020-03-31,2584.59,21917.16
1552,2020-04-01,2470.5,20943.51
1553,2020-04-02,2526.9,21413.44
1554,2020-04-03,2488.65,21052.53
1555,2020-04-04,2488.65,21052.53
1556,2020-04-05,2488.65,21052.53
1557,2020-04-06,2663.68,22679.99
1558,2020-04-07,2659.41,22653.86
1559,2020-04-08,2749.98,23433.57
1560,2020-04-09,2789.82,23719.37
1561,2020-04-10,2789.82,23719.37
1562,2020-04-11,2789.82,23719.37
1563,2020-04-12,2789.82,23719.37
1564,2020-04-13,2761.63,23390.77
1565,2020-04-14,2846.06,23949.76
1566,2020-04-15,2783.36,23504.35
1567,2020-04-16,2799.55,23537.68
1568,2020-04-17,2874.56,24242.49
1569,2020-04-18,2874.56,24242.49
1570,2020-04-19,2874.56,24242.49
1571,2020-04-20,2823.16,23650.44
1572,2020-04-21,2736.56,23018.88
1573,2020-04-22,2799.31,23475.82
1574,2020-04-23,2797.8,23515.26
1575,2020-04-24,2836.74,23775.27
1576,2020-04-25,2836.74,23775.27
1577,2020-04-26,2836.74,23775.27
1578,2020-04-27,2878.48,24133.78
1579,2020-04-28,2863.39,24101.55
1580,2020-04-29,2939.51,24633.86
1581,2020-04-30,2912.43,24345.72
1582,2020-05-01,2830.71,23723.69
1583,2020-05-02,2830.71,23723.69
1584,2020-05-03,2830.71,23723.69
1585,2020-05-04,2842.74,23749.76
1586,2020-05-05,2868.44,23883.09
1587,2020-05-06,2848.42,23664.64
1588,2020-05-07,2881.19,23875.89
1589,2020-05-08,2929.8,24331.32
1590,2020-05-09,2929.8,24331.32
1591,2020-05-10,2929.8,24331.32
1592,2020-05-11,2930.32,24221.99
1593,2020-05-12,2870.12,23764.78
1594,2020-05-13,2820.0,23247.97
1595,2020-05-14,2852.5,23625.34
1596,2020-05-15,2863.7,23685.42
1597,2020-05-16,2863.7,23685.42
1598,2020-05-17,2863.7,23685.42
1599,2020-05-18,2953.91,24597.37
1600,2020-05-19,2922.94,24206.86
1601,2020-05-20,2971.61,24575.9
1602,2020-05-21,2948.51,24474.12
1603,2020-05-22,2955.45,24465.16
1604,2020-05-23,2955.45,24465.16
1605,2020-05-24,2955.45,24465.16
1606,2020-05-25,2955.45,24465.16
1607,2020-05-26,2991.77,24995.11
1608,2020-05-27,3036.13,25548.27
1609,2020-05-28,3029.73,25400.64
1610,2020-05-29,3044.31,25383.11
1611,2020-05-30,3044.31,25383.11
1612,2020-05-31,3044.31,25383.11
1613,2020-06-01,3055.73,25475.02
1614,2020-06-02,3080.82,25742.65
1615,2020-06-03,3122.87,26269.89
1616,2020-06-04,3112.35,26281.82
1617,2020-06-05,3193.93,27110.98
1618,2020-06-06,3193.93,27110.98
1619,2020-06-07,3193.93,27110.98
1620,2020-06-08,3232.39,27572.44
1621,2020-06-09,3207.18,27272.3
1622,2020-06-10,3190.14,26989.99
1623,2020-06-11,3002.1,25128.17
1624,2020-06-12,3041.31,25605.54
1625,2020-06-13,3041.31,25605.54
1626,2020-06-14,3041.31,25605.54
1627,2020-06-15,3066.59,25763.16
1628,2020-06-16,3124.74,26289.98
1629,2020-06-17,3113.49,26119.61
1630,2020-06-18,3115.34,26080.1
1631,2020-06-19,3097.74,25871.46
1632,2020-06-20,3097.74,25871.46
1633,2020-06-21,3097.74,25871.46
1634,2020-06-22,3117.86,26024.96
1635,2020-06-23,3131.29,26156.1
1636,2020-06-24,3050.33,25445.94
1637,2020-06-25,3083.76,25745.6
1638,2020-06-26,3009.05,25015.55
1639,2020-06-27,3009.05,25015.55
1640,2020-06-28,3009.05,25015.55
1641,2020-06-29,3053.24,25595.8
1642,2020-06-30,3100.29,25812.88
1643,2020-07-01,3115.86,25734.97
1644,2020-07-02,3130.01,25827.36
1645,2020-07-03,3130.01,25827.36
1646,2020-07-04,3130.01,25827.36
1647,2020-07-05,3130.01,25827.36
1648,2020-07-06,3179.72,26287.03
1649,2020-07-07,3145.32,25890.18
1650,2020-07-08,3169.94,26067.28
1651,2020-07-09,3152.05,25706.09
1652,2020-07-10,3185.04,26075.3
1653,2020-07-11,3185.04,26075.3
1654,2020-07-12,3185.04,26075.3
1655,2020-07-13,3155.22,26085.8
1656,2020-07-14,3197.52,26642.59
1657,2020-07-15,3226.56,26870.1
1658,2020-07-16,3215.57,26734.71
1659,2020-07-17,3224.73,26671.95
1660,2020-07-18,3224.73,26671.95
1661,2020-07-19,3224.73,26671.95
1662,2020-07-20,3251.84,26680.87
1663,2020-07-21,3257.3,26840.4
1664,2020-07-22,3276.02,27005.84
1665,2020-07-23,3235.66,26652.33
1666,2020-07-24,3215.63,26469.89
1667,2020-07-25,3215.63,26469.89
1668,2020-07-26,3215.63,26469.89
1669,2020-07-27,3239.41,26584.77
1670,2020-07-28,3218.44,26379.28
1671,2020-07-29,3258.44,26539.57
1672,2020-07-30,3246.22,26313.65
1673,2020-07-31,3271.12,26428.32
1674,2020-08-01,3271.12,26428.32
1675,2020-08-02,3271.12,26428.32
1676,2020-08-03,3294.61,26664.4
1677,2020-08-04,3306.51,26828.47
1678,2020-08-05,3327.77,27201.52
1679,2020-08-06,3349.16,27386.98
1680,2020-08-07,3351.28,27433.48
1681,2020-08-08,3351.28,27433.48
1682,2020-08-09,3351.28,27433.48
1683,2020-08-10,3360.47,27791.44
1684,2020-08-11,3333.69,27686.91
1685,2020-08-12,3380.35,27976.84
1686,2020-08-13,3373.43,27896.72
1687,2020-08-14,3372.85,27931.02
1688,2020-08-15,3372.85,27931.02
1689,2020-08-16,3372.85,27931.02
1690,2020-08-17,3381.99,27844.91
1691,2020-08-18,3389.78,27778.07
1692,2020-08-19,3374.85,27692.88
1693,2020-08-20,3385.51,27739.73
1694,2020-08-21,3397.16,27930.33
1695,2020-08-22,3397.16,27930.33
1696,2020-08-23,3397.16,27930.33
1697,2020-08-24,3431.28,28308.46
1698,2020-08-25,3443.62,28248.44
1699,2020-08-26,3478.73,28331.92
1700,2020-08-27,3484.55,28492.27
1701,2020-08-28,3508.01,28653.87
1702,2020-08-29,3508.01,28653.87
1703,2020-08-30,3508.01,28653.87
1704,2020-08-31,3500.31,28430.05
1705,2020-09-01,3526.65,28645.66
1706,2020-09-02,3580.84,29100.5
1707,2020-09-03,3455.06,28292.73
1708,2020-09-04,3426.96,28133.31
1709,2020-09-05,3426.96,28133.31
1710,2020-09-06,3426.96,28133.31
1711,2020-09-07,3426.96,28133.31
1712,2020-09-08,3331.84,27500.89
1713,2020-09-09,3398.96,27940.47
1714,2020-09-10,3339.19,27534.58
1715,2020-09-11,3340.97,27665.64
1716,2020-09-12,3340.97,27665.64
1717,2020-09-13,3340.97,27665.64
1718,2020-09-14,3383.54,27993.33
1719,2020-09-15,3401.2,27995.6
1720,2020-09-16,3385.49,28032.38
1721,2020-09-17,3357.01,27901.98
1722,2020-09-18,3319.47,27657.42
1723,2020-09-19,3319.47,27657.42
1724,2020-09-20,3319.47,27657.42
1725,2020-09-21,3281.06,27147.7
1726,2020-09-22,3315.57,27288.18
1727,2020-09-23,3236.92,26763.13
1728,2020-09-24,3246.59,26815.44
1729,2020-09-25,3298.46,27173.96
1730,2020-09-26,3298.46,27173.96
1731,2020-09-27,3298.46,27173.96
1732,2020-09-28,3351.6,27584.06
1733,2020-09-29,3335.47,27452.66
1734,2020-09-30,3363.0,27781.7
1735,2020-10-01,3380.8,27816.9
1736,2020-10-02,3348.44,27682.81
1737,2020-10-03,3348.44,27682.81
1738,2020-10-04,3348.44,27682.81
1739,2020-10-05,3408.63,28148.64
1740,2020-10-06,3360.95,27772.76
1741,2020-10-07,3419.45,28303.46
1742,2020-10-08,3446.83,28425.51
1743,2020-10-09,3477.13,28586.9
1744,2020-10-10,3477.13,28586.9
1745,2020-10-11,3477.13,28586.9
1746,2020-10-12,3534.22,28837.52
1747,2020-10-13,3511.93,28679.81
1748,2020-10-14,3488.67,28514.0
1749,2020-10-15,3483.34,28494.2
1750,2020-10-16,3483.81,28606.31
1751,2020-10-17,3483.81,28606.31
1752,2020-10-18,3483.81,28606.31
1753,2020-10-19,3426.92,28195.42
1754,2020-10-20,3443.12,28308.79
1755,2020-10-21,3435.56,28210.82
1756,2020-10-22,3453.49,28363.66
1757,2020-10-23,3465.39,28335.57
1758,2020-10-24,3465.39,28335.57
1759,2020-10-25,3465.39,28335.57
1760,2020-10-26,3400.97,27685.38
1761,2020-10-27,3390.68,27463.19
1762,2020-10-28,3271.03,26519.95
1763,2020-10-29,3310.11,26659.11
1764,2020-10-30,3269.96,26501.6
1765,2020-10-31,3269.96,26501.6
1766,2020-11-01,3269.96,26501.6
1767,2020-11-02,3310.24,26925.05
1768,2020-11-03,3369.16,27480.03
1769,2020-11-04,3443.44,27847.66
1770,2020-11-05,3510.45,28390.18
1771,2020-11-06,3509.44,28323.4
1772,2020-11-07,3509.44,28323.4
1773,2020-11-08,3509.44,28323.4
1774,2020-11-09,3550.5,29157.97
1775,2020-11-10,3545.53,29420.92
1776,2020-11-11,3572.66,29397.63
1777,2020-11-12,3537.01,29080.17
1778,2020-11-13,3585.15,29479.81
1779,2020-11-14,3585.15,29479.81
1780,2020-11-15,3585.15,29479.81
1781,2020-11-16,3626.91,29950.44
1782,2020-11-17,3609.53,29783.35
1783,2020-11-18,3567.79,29438.42
1784,2020-11-19,3581.87,29483.23
1785,2020-11-20,3557.54,29263.48
1786,2020-11-21,3557.54,29263.48
1787,2020-11-22,3557.54,29263.48
1788,2020-11-23,3577.59,29591.27
1789,2020-11-24,3635.41,30046.24
1790,2020-11-25,3629.65,29872.47
1791,2020-11-26,3629.65,29872.47
1792,2020-11-27,3638.35,29910.37
1793,2020-11-28,3638.35,29910.37
1794,2020-11-29,3638.35,29910.37
1795,2020-11-30,3621.63,29638.64
1796,2020-12-01,3662.45,29823.92
1797,2020-12-02,3669.01,29883.79
1798,2020-12-03,3666.72,29969.52
1799,2020-12-04,3699.12,30218.26
1800,2020-12-05,3699.12,30218.26
1801,2020-12-06,3699.12,30218.26
1802,2020-12-07,3691.96,30069.79
1803,2020-12-08,3702.25,30173.88
1804,2020-12-09,3672.82,30068.81
1805,2020-12-10,3668.1,29999.26
1806,2020-12-11,3663.46,30046.37
1807,2020-12-12,3663.46,30046.37
1808,2020-12-13,3663.46,30046.37
1809,2020-12-14,3647.49,29861.55
1810,2020-12-15,3694.62,30199.31
1811,2020-12-16,3701.17,30154.54
1812,2020-12-17,3722.48,30303.37
1813,2020-12-18,3709.41,30179.05
1814,2020-12-19,3709.41,30179.05
1815,2020-12-20,3709.41,30179.05
1816,2020-12-21,3694.92,30216.45
1817,2020-12-22,3687.26,30015.51
1818,2020-12-23,3690.01,30129.83
1819,2020-12-24,3703.06,30199.87
1820,2020-12-25,3703.06,30199.87
1821,2020-12-26,3703.06,30199.87
1822,2020-12-27,3703.06,30199.87
1823,2020-12-28,3735.36,30403.97
1824,2020-12-29,3727.04,30335.67
1825,2020-12-30,3732.04,30409.56
1826,2020-12-31,3756.07,30606.48
1827,2021-01-01,3756.07,30606.48
