,date,google_trends_btc
0,2016-01-01,2
1,2016-01-02,2
2,2016-01-03,2
3,2016-01-04,2
4,2016-01-05,2
5,2016-01-06,2
6,2016-01-07,2
7,2016-01-08,2
8,2016-01-09,2
9,2016-01-10,2
10,2016-01-11,2
11,2016-01-12,2
12,2016-01-13,2
13,2016-01-14,2
14,2016-01-15,2
15,2016-01-16,2
16,2016-01-17,3
17,2016-01-18,3
18,2016-01-19,3
19,2016-01-20,3
20,2016-01-21,3
21,2016-01-22,3
22,2016-01-23,3
23,2016-01-24,2
24,2016-01-25,2
25,2016-01-26,2
26,2016-01-27,2
27,2016-01-28,2
28,2016-01-29,2
29,2016-01-30,2
30,2016-01-31,2
31,2016-02-01,2
32,2016-02-02,2
33,2016-02-03,2
34,2016-02-04,2
35,2016-02-05,2
36,2016-02-06,2
37,2016-02-07,2
38,2016-02-08,2
39,2016-02-09,2
40,2016-02-10,2
41,2016-02-11,2
42,2016-02-12,2
43,2016-02-13,2
44,2016-02-14,2
45,2016-02-15,2
46,2016-02-16,2
47,2016-02-17,2
48,2016-02-18,2
49,2016-02-19,2
50,2016-02-20,2
51,2016-02-21,2
52,2016-02-22,2
53,2016-02-23,2
54,2016-02-24,2
55,2016-02-25,2
56,2016-02-26,2
57,2016-02-27,2
58,2016-02-28,2
59,2016-02-29,2
60,2016-03-01,2
61,2016-03-02,2
62,2016-03-03,2
63,2016-03-04,2
64,2016-03-05,2
65,2016-03-06,2
66,2016-03-07,2
67,2016-03-08,2
68,2016-03-09,2
69,2016-03-10,2
70,2016-03-11,2
71,2016-03-12,2
72,2016-03-13,2
73,2016-03-14,2
74,2016-03-15,2
75,2016-03-16,2
76,2016-03-17,2
77,2016-03-18,2
78,2016-03-19,2
79,2016-03-20,2
80,2016-03-21,2
81,2016-03-22,2
82,2016-03-23,2
83,2016-03-24,2
84,2016-03-25,2
85,2016-03-26,2
86,2016-03-27,2
87,2016-03-28,2
88,2016-03-29,2
89,2016-03-30,2
90,2016-03-31,2
91,2016-04-01,2
92,2016-04-02,2
93,2016-04-03,2
94,2016-04-04,2
95,2016-04-05,2
96,2016-04-06,2
97,2016-04-07,2
98,2016-04-08,2
99,2016-04-09,2
100,2016-04-10,2
101,2016-04-11,2
102,2016-04-12,2
103,2016-04-13,2
104,2016-04-14,2
105,2016-04-15,2
106,2016-04-16,2
107,2016-04-17,2
108,2016-04-18,2
109,2016-04-19,2
110,2016-04-20,2
111,2016-04-21,2
112,2016-04-22,2
113,2016-04-23,2
114,2016-04-24,2
115,2016-04-25,2
116,2016-04-26,2
117,2016-04-27,2
118,2016-04-28,2
119,2016-04-29,2
120,2016-04-30,2
121,2016-05-01,4
122,2016-05-02,4
123,2016-05-03,4
124,2016-05-04,4
125,2016-05-05,4
126,2016-05-06,4
127,2016-05-07,4
128,2016-05-08,2
129,2016-05-09,2
130,2016-05-10,2
131,2016-05-11,2
132,2016-05-12,2
133,2016-05-13,2
134,2016-05-14,2
135,2016-05-15,2
136,2016-05-16,2
137,2016-05-17,2
138,2016-05-18,2
139,2016-05-19,2
140,2016-05-20,2
141,2016-05-21,2
142,2016-05-22,2
143,2016-05-23,2
144,2016-05-24,2
145,2016-05-25,2
146,2016-05-26,2
147,2016-05-27,2
148,2016-05-28,2
149,2016-05-29,3
150,2016-05-30,3
151,2016-05-31,3
152,2016-06-01,3
153,2016-06-02,3
154,2016-06-03,3
155,2016-06-04,3
156,2016-06-05,3
157,2016-06-06,3
158,2016-06-07,3
159,2016-06-08,3
160,2016-06-09,3
161,2016-06-10,3
162,2016-06-11,3
163,2016-06-12,4
164,2016-06-13,4
165,2016-06-14,4
166,2016-06-15,4
167,2016-06-16,4
168,2016-06-17,4
169,2016-06-18,4
170,2016-06-19,4
171,2016-06-20,4
172,2016-06-21,4
173,2016-06-22,4
174,2016-06-23,4
175,2016-06-24,4
176,2016-06-25,4
177,2016-06-26,3
178,2016-06-27,3
179,2016-06-28,3
180,2016-06-29,3
181,2016-06-30,3
182,2016-07-01,3
183,2016-07-02,3
184,2016-07-03,3
185,2016-07-04,3
186,2016-07-05,3
187,2016-07-06,3
188,2016-07-07,3
189,2016-07-08,3
190,2016-07-09,3
191,2016-07-10,3
192,2016-07-11,3
193,2016-07-12,3
194,2016-07-13,3
195,2016-07-14,3
196,2016-07-15,3
197,2016-07-16,3
198,2016-07-17,2
199,2016-07-18,2
200,2016-07-19,2
201,2016-07-20,2
202,2016-07-21,2
203,2016-07-22,2
204,2016-07-23,2
205,2016-07-24,2
206,2016-07-25,2
207,2016-07-26,2
208,2016-07-27,2
209,2016-07-28,2
210,2016-07-29,2
211,2016-07-30,2
212,2016-07-31,3
213,2016-08-01,3
214,2016-08-02,3
215,2016-08-03,3
216,2016-08-04,3
217,2016-08-05,3
218,2016-08-06,3
219,2016-08-07,2
220,2016-08-08,2
221,2016-08-09,2
222,2016-08-10,2
223,2016-08-11,2
224,2016-08-12,2
225,2016-08-13,2
226,2016-08-14,2
227,2016-08-15,2
228,2016-08-16,2
229,2016-08-17,2
230,2016-08-18,2
231,2016-08-19,2
232,2016-08-20,2
233,2016-08-21,2
234,2016-08-22,2
235,2016-08-23,2
236,2016-08-24,2
237,2016-08-25,2
238,2016-08-26,2
239,2016-08-27,2
240,2016-08-28,2
241,2016-08-29,2
242,2016-08-30,2
243,2016-08-31,2
244,2016-09-01,2
245,2016-09-02,2
246,2016-09-03,2
247,2016-09-04,2
248,2016-09-05,2
249,2016-09-06,2
250,2016-09-07,2
251,2016-09-08,2
252,2016-09-09,2
253,2016-09-10,2
254,2016-09-11,2
255,2016-09-12,2
256,2016-09-13,2
257,2016-09-14,2
258,2016-09-15,2
259,2016-09-16,2
260,2016-09-17,2
261,2016-09-18,2
262,2016-09-19,2
263,2016-09-20,2
264,2016-09-21,2
265,2016-09-22,2
266,2016-09-23,2
267,2016-09-24,2
268,2016-09-25,2
269,2016-09-26,2
270,2016-09-27,2
271,2016-09-28,2
272,2016-09-29,2
273,2016-09-30,2
274,2016-10-01,2
275,2016-10-02,2
276,2016-10-03,2
277,2016-10-04,2
278,2016-10-05,2
279,2016-10-06,2
280,2016-10-07,2
281,2016-10-08,2
282,2016-10-09,2
283,2016-10-10,2
284,2016-10-11,2
285,2016-10-12,2
286,2016-10-13,2
287,2016-10-14,2
288,2016-10-15,2
289,2016-10-16,2
290,2016-10-17,2
291,2016-10-18,2
292,2016-10-19,2
293,2016-10-20,2
294,2016-10-21,2
295,2016-10-22,2
296,2016-10-23,3
297,2016-10-24,3
298,2016-10-25,3
299,2016-10-26,3
300,2016-10-27,3
301,2016-10-28,3
302,2016-10-29,3
303,2016-10-30,3
304,2016-10-31,3
305,2016-11-01,3
306,2016-11-02,3
307,2016-11-03,3
308,2016-11-04,3
309,2016-11-05,3
310,2016-11-06,3
311,2016-11-07,3
312,2016-11-08,3
313,2016-11-09,3
314,2016-11-10,3
315,2016-11-11,3
316,2016-11-12,3
317,2016-11-13,3
318,2016-11-14,3
319,2016-11-15,3
320,2016-11-16,3
321,2016-11-17,3
322,2016-11-18,3
323,2016-11-19,3
324,2016-11-20,3
325,2016-11-21,3
326,2016-11-22,3
327,2016-11-23,3
328,2016-11-24,3
329,2016-11-25,3
330,2016-11-26,3
331,2016-11-27,3
332,2016-11-28,3
333,2016-11-29,3
334,2016-11-30,3
335,2016-12-01,3
336,2016-12-02,3
337,2016-12-03,3
338,2016-12-04,3
339,2016-12-05,3
340,2016-12-06,3
341,2016-12-07,3
342,2016-12-08,3
343,2016-12-09,3
344,2016-12-10,3
345,2016-12-11,3
346,2016-12-12,3
347,2016-12-13,3
348,2016-12-14,3
349,2016-12-15,3
350,2016-12-16,3
351,2016-12-17,3
352,2016-12-18,4
353,2016-12-19,4
354,2016-12-20,4
355,2016-12-21,4
356,2016-12-22,4
357,2016-12-23,4
358,2016-12-24,4
359,2016-12-25,5
360,2016-12-26,5
361,2016-12-27,5
362,2016-12-28,5
363,2016-12-29,5
364,2016-12-30,5
365,2016-12-31,5
366,2017-01-01,7
367,2017-01-02,7
368,2017-01-03,7
369,2017-01-04,7
370,2017-01-05,7
371,2017-01-06,7
372,2017-01-07,7
373,2017-01-08,6
374,2017-01-09,6
375,2017-01-10,6
376,2017-01-11,6
377,2017-01-12,6
378,2017-01-13,6
379,2017-01-14,6
380,2017-01-15,4
381,2017-01-16,4
382,2017-01-17,4
383,2017-01-18,4
384,2017-01-19,4
385,2017-01-20,4
386,2017-01-21,4
387,2017-01-22,4
388,2017-01-23,4
389,2017-01-24,4
390,2017-01-25,4
391,2017-01-26,4
392,2017-01-27,4
393,2017-01-28,4
394,2017-01-29,4
395,2017-01-30,4
396,2017-01-31,4
397,2017-02-01,4
398,2017-02-02,4
399,2017-02-03,4
400,2017-02-04,4
401,2017-02-05,4
402,2017-02-06,4
403,2017-02-07,4
404,2017-02-08,4
405,2017-02-09,4
406,2017-02-10,4
407,2017-02-11,4
408,2017-02-12,4
409,2017-02-13,4
410,2017-02-14,4
411,2017-02-15,4
412,2017-02-16,4
413,2017-02-17,4
414,2017-02-18,4
415,2017-02-19,5
416,2017-02-20,5
417,2017-02-21,5
418,2017-02-22,5
419,2017-02-23,5
420,2017-02-24,5
421,2017-02-25,5
422,2017-02-26,5
423,2017-02-27,5
424,2017-02-28,5
425,2017-03-01,5
426,2017-03-02,5
427,2017-03-03,5
428,2017-03-04,5
429,2017-03-05,6
430,2017-03-06,6
431,2017-03-07,6
432,2017-03-08,6
433,2017-03-09,6
434,2017-03-10,6
435,2017-03-11,6
436,2017-03-12,5
437,2017-03-13,5
438,2017-03-14,5
439,2017-03-15,5
440,2017-03-16,5
441,2017-03-17,5
442,2017-03-18,5
443,2017-03-19,5
444,2017-03-20,5
445,2017-03-21,5
446,2017-03-22,5
447,2017-03-23,5
448,2017-03-24,5
449,2017-03-25,5
450,2017-03-26,5
451,2017-03-27,5
452,2017-03-28,5
453,2017-03-29,5
454,2017-03-30,5
455,2017-03-31,5
456,2017-04-01,5
457,2017-04-02,5
458,2017-04-03,5
459,2017-04-04,5
460,2017-04-05,5
461,2017-04-06,5
462,2017-04-07,5
463,2017-04-08,5
464,2017-04-09,4
465,2017-04-10,4
466,2017-04-11,4
467,2017-04-12,4
468,2017-04-13,4
469,2017-04-14,4
470,2017-04-15,4
471,2017-04-16,4
472,2017-04-17,4
473,2017-04-18,4
474,2017-04-19,4
475,2017-04-20,4
476,2017-04-21,4
477,2017-04-22,4
478,2017-04-23,5
479,2017-04-24,5
480,2017-04-25,5
481,2017-04-26,5
482,2017-04-27,5
483,2017-04-28,5
484,2017-04-29,5
485,2017-04-30,7
486,2017-05-01,7
487,2017-05-02,7
488,2017-05-03,7
489,2017-05-04,7
490,2017-05-05,7
491,2017-05-06,7
492,2017-05-07,9
493,2017-05-08,9
494,2017-05-09,9
495,2017-05-10,9
496,2017-05-11,9
497,2017-05-12,9
498,2017-05-13,9
499,2017-05-14,11
500,2017-05-15,11
501,2017-05-16,11
502,2017-05-17,11
503,2017-05-18,11
504,2017-05-19,11
505,2017-05-20,11
506,2017-05-21,19
507,2017-05-22,19
508,2017-05-23,19
509,2017-05-24,19
510,2017-05-25,19
511,2017-05-26,19
512,2017-05-27,19
513,2017-05-28,12
514,2017-05-29,12
515,2017-05-30,12
516,2017-05-31,12
517,2017-06-01,12
518,2017-06-02,12
519,2017-06-03,12
520,2017-06-04,12
521,2017-06-05,12
522,2017-06-06,12
523,2017-06-07,12
524,2017-06-08,12
525,2017-06-09,12
526,2017-06-10,12
527,2017-06-11,13
528,2017-06-12,13
529,2017-06-13,13
530,2017-06-14,13
531,2017-06-15,13
532,2017-06-16,13
533,2017-06-17,13
534,2017-06-18,10
535,2017-06-19,10
536,2017-06-20,10
537,2017-06-21,10
538,2017-06-22,10
539,2017-06-23,10
540,2017-06-24,10
541,2017-06-25,11
542,2017-06-26,11
543,2017-06-27,11
544,2017-06-28,11
545,2017-06-29,11
546,2017-06-30,11
547,2017-07-01,11
548,2017-07-02,9
549,2017-07-03,9
550,2017-07-04,9
551,2017-07-05,9
552,2017-07-06,9
553,2017-07-07,9
554,2017-07-08,9
555,2017-07-09,10
556,2017-07-10,10
557,2017-07-11,10
558,2017-07-12,10
559,2017-07-13,10
560,2017-07-14,10
561,2017-07-15,10
562,2017-07-16,11
563,2017-07-17,11
564,2017-07-18,11
565,2017-07-19,11
566,2017-07-20,11
567,2017-07-21,11
568,2017-07-22,11
569,2017-07-23,10
570,2017-07-24,10
571,2017-07-25,10
572,2017-07-26,10
573,2017-07-27,10
574,2017-07-28,10
575,2017-07-29,10
576,2017-07-30,15
577,2017-07-31,15
578,2017-08-01,15
579,2017-08-02,15
580,2017-08-03,15
581,2017-08-04,15
582,2017-08-05,15
583,2017-08-06,14
584,2017-08-07,14
585,2017-08-08,14
586,2017-08-09,14
587,2017-08-10,14
588,2017-08-11,14
589,2017-08-12,14
590,2017-08-13,20
591,2017-08-14,20
592,2017-08-15,20
593,2017-08-16,20
594,2017-08-17,20
595,2017-08-18,20
596,2017-08-19,20
597,2017-08-20,15
598,2017-08-21,15
599,2017-08-22,15
600,2017-08-23,15
601,2017-08-24,15
602,2017-08-25,15
603,2017-08-26,15
604,2017-08-27,16
605,2017-08-28,16
606,2017-08-29,16
607,2017-08-30,16
608,2017-08-31,16
609,2017-09-01,16
610,2017-09-02,16
611,2017-09-03,18
612,2017-09-04,18
613,2017-09-05,18
614,2017-09-06,18
615,2017-09-07,18
616,2017-09-08,18
617,2017-09-09,18
618,2017-09-10,20
619,2017-09-11,20
620,2017-09-12,20
621,2017-09-13,20
622,2017-09-14,20
623,2017-09-15,20
624,2017-09-16,20
625,2017-09-17,15
626,2017-09-18,15
627,2017-09-19,15
628,2017-09-20,15
629,2017-09-21,15
630,2017-09-22,15
631,2017-09-23,15
632,2017-09-24,13
633,2017-09-25,13
634,2017-09-26,13
635,2017-09-27,13
636,2017-09-28,13
637,2017-09-29,13
638,2017-09-30,13
639,2017-10-01,12
640,2017-10-02,12
641,2017-10-03,12
642,2017-10-04,12
643,2017-10-05,12
644,2017-10-06,12
645,2017-10-07,12
646,2017-10-08,18
647,2017-10-09,18
648,2017-10-10,18
649,2017-10-11,18
650,2017-10-12,18
651,2017-10-13,18
652,2017-10-14,18
653,2017-10-15,19
654,2017-10-16,19
655,2017-10-17,19
656,2017-10-18,19
657,2017-10-19,19
658,2017-10-20,19
659,2017-10-21,19
660,2017-10-22,20
661,2017-10-23,20
662,2017-10-24,20
663,2017-10-25,20
664,2017-10-26,20
665,2017-10-27,20
666,2017-10-28,20
667,2017-10-29,26
668,2017-10-30,26
669,2017-10-31,26
670,2017-11-01,26
671,2017-11-02,26
672,2017-11-03,26
673,2017-11-04,26
674,2017-11-05,27
675,2017-11-06,27
676,2017-11-07,27
677,2017-11-08,27
678,2017-11-09,27
679,2017-11-10,27
680,2017-11-11,27
681,2017-11-12,31
682,2017-11-13,31
683,2017-11-14,31
684,2017-11-15,31
685,2017-11-16,31
686,2017-11-17,31
687,2017-11-18,31
688,2017-11-19,27
689,2017-11-20,27
690,2017-11-21,27
691,2017-11-22,27
692,2017-11-23,27
693,2017-11-24,27
694,2017-11-25,27
695,2017-11-26,62
696,2017-11-27,62
697,2017-11-28,62
698,2017-11-29,62
699,2017-11-30,62
700,2017-12-01,62
701,2017-12-02,62
702,2017-12-03,86
703,2017-12-04,86
704,2017-12-05,86
705,2017-12-06,86
706,2017-12-07,86
707,2017-12-08,86
708,2017-12-09,86
709,2017-12-10,85
710,2017-12-11,85
711,2017-12-12,85
712,2017-12-13,85
713,2017-12-14,85
714,2017-12-15,85
715,2017-12-16,85
716,2017-12-17,100
717,2017-12-18,100
718,2017-12-19,100
719,2017-12-20,100
720,2017-12-21,100
721,2017-12-22,100
722,2017-12-23,100
723,2017-12-24,62
724,2017-12-25,62
725,2017-12-26,62
726,2017-12-27,62
727,2017-12-28,62
728,2017-12-29,62
729,2017-12-30,62
730,2017-12-31,46
731,2018-01-01,46
732,2018-01-02,46
733,2018-01-03,46
734,2018-01-04,46
735,2018-01-05,46
736,2018-01-06,46
737,2018-01-07,44
738,2018-01-08,44
739,2018-01-09,44
740,2018-01-10,44
741,2018-01-11,44
742,2018-01-12,44
743,2018-01-13,44
744,2018-01-14,54
745,2018-01-15,54
746,2018-01-16,54
747,2018-01-17,54
748,2018-01-18,54
749,2018-01-19,54
750,2018-01-20,54
751,2018-01-21,37
752,2018-01-22,37
753,2018-01-23,37
754,2018-01-24,37
755,2018-01-25,37
756,2018-01-26,37
757,2018-01-27,37
758,2018-01-28,39
759,2018-01-29,39
760,2018-01-30,39
761,2018-01-31,39
762,2018-02-01,39
763,2018-02-02,39
764,2018-02-03,39
765,2018-02-04,46
766,2018-02-05,46
767,2018-02-06,46
768,2018-02-07,46
769,2018-02-08,46
770,2018-02-09,46
771,2018-02-10,46
772,2018-02-11,26
773,2018-02-12,26
774,2018-02-13,26
775,2018-02-14,26
776,2018-02-15,26
777,2018-02-16,26
778,2018-02-17,26
779,2018-02-18,23
780,2018-02-19,23
781,2018-02-20,23
782,2018-02-21,23
783,2018-02-22,23
784,2018-02-23,23
785,2018-02-24,23
786,2018-02-25,19
787,2018-02-26,19
788,2018-02-27,19
789,2018-02-28,19
790,2018-03-01,19
791,2018-03-02,19
792,2018-03-03,19
793,2018-03-04,19
794,2018-03-05,19
795,2018-03-06,19
796,2018-03-07,19
797,2018-03-08,19
798,2018-03-09,19
799,2018-03-10,19
800,2018-03-11,19
801,2018-03-12,19
802,2018-03-13,19
803,2018-03-14,19
804,2018-03-15,19
805,2018-03-16,19
806,2018-03-17,19
807,2018-03-18,18
808,2018-03-19,18
809,2018-03-20,18
810,2018-03-21,18
811,2018-03-22,18
812,2018-03-23,18
813,2018-03-24,18
814,2018-03-25,17
815,2018-03-26,17
816,2018-03-27,17
817,2018-03-28,17
818,2018-03-29,17
819,2018-03-30,17
820,2018-03-31,17
821,2018-04-01,17
822,2018-04-02,17
823,2018-04-03,17
824,2018-04-04,17
825,2018-04-05,17
826,2018-04-06,17
827,2018-04-07,17
828,2018-04-08,15
829,2018-04-09,15
830,2018-04-10,15
831,2018-04-11,15
832,2018-04-12,15
833,2018-04-13,15
834,2018-04-14,15
835,2018-04-15,14
836,2018-04-16,14
837,2018-04-17,14
838,2018-04-18,14
839,2018-04-19,14
840,2018-04-20,14
841,2018-04-21,14
842,2018-04-22,14
843,2018-04-23,14
844,2018-04-24,14
845,2018-04-25,14
846,2018-04-26,14
847,2018-04-27,14
848,2018-04-28,14
849,2018-04-29,12
850,2018-04-30,12
851,2018-05-01,12
852,2018-05-02,12
853,2018-05-03,12
854,2018-05-04,12
855,2018-05-05,12
856,2018-05-06,12
857,2018-05-07,12
858,2018-05-08,12
859,2018-05-09,12
860,2018-05-10,12
861,2018-05-11,12
862,2018-05-12,12
863,2018-05-13,11
864,2018-05-14,11
865,2018-05-15,11
866,2018-05-16,11
867,2018-05-17,11
868,2018-05-18,11
869,2018-05-19,11
870,2018-05-20,11
871,2018-05-21,11
872,2018-05-22,11
873,2018-05-23,11
874,2018-05-24,11
875,2018-05-25,11
876,2018-05-26,11
877,2018-05-27,10
878,2018-05-28,10
879,2018-05-29,10
880,2018-05-30,10
881,2018-05-31,10
882,2018-06-01,10
883,2018-06-02,10
884,2018-06-03,9
885,2018-06-04,9
886,2018-06-05,9
887,2018-06-06,9
888,2018-06-07,9
889,2018-06-08,9
890,2018-06-09,9
891,2018-06-10,12
892,2018-06-11,12
893,2018-06-12,12
894,2018-06-13,12
895,2018-06-14,12
896,2018-06-15,12
897,2018-06-16,12
898,2018-06-17,10
899,2018-06-18,10
900,2018-06-19,10
901,2018-06-20,10
902,2018-06-21,10
903,2018-06-22,10
904,2018-06-23,10
905,2018-06-24,10
906,2018-06-25,10
907,2018-06-26,10
908,2018-06-27,10
909,2018-06-28,10
910,2018-06-29,10
911,2018-06-30,10
912,2018-07-01,9
913,2018-07-02,9
914,2018-07-03,9
915,2018-07-04,9
916,2018-07-05,9
917,2018-07-06,9
918,2018-07-07,9
919,2018-07-08,9
920,2018-07-09,9
921,2018-07-10,9
922,2018-07-11,9
923,2018-07-12,9
924,2018-07-13,9
925,2018-07-14,9
926,2018-07-15,11
927,2018-07-16,11
928,2018-07-17,11
929,2018-07-18,11
930,2018-07-19,11
931,2018-07-20,11
932,2018-07-21,11
933,2018-07-22,12
934,2018-07-23,12
935,2018-07-24,12
936,2018-07-25,12
937,2018-07-26,12
938,2018-07-27,12
939,2018-07-28,12
940,2018-07-29,10
941,2018-07-30,10
942,2018-07-31,10
943,2018-08-01,10
944,2018-08-02,10
945,2018-08-03,10
946,2018-08-04,10
947,2018-08-05,11
948,2018-08-06,11
949,2018-08-07,11
950,2018-08-08,11
951,2018-08-09,11
952,2018-08-10,11
953,2018-08-11,11
954,2018-08-12,10
955,2018-08-13,10
956,2018-08-14,10
957,2018-08-15,10
958,2018-08-16,10
959,2018-08-17,10
960,2018-08-18,10
961,2018-08-19,9
962,2018-08-20,9
963,2018-08-21,9
964,2018-08-22,9
965,2018-08-23,9
966,2018-08-24,9
967,2018-08-25,9
968,2018-08-26,10
969,2018-08-27,10
970,2018-08-28,10
971,2018-08-29,10
972,2018-08-30,10
973,2018-08-31,10
974,2018-09-01,10
975,2018-09-02,11
976,2018-09-03,11
977,2018-09-04,11
978,2018-09-05,11
979,2018-09-06,11
980,2018-09-07,11
981,2018-09-08,11
982,2018-09-09,9
983,2018-09-10,9
984,2018-09-11,9
985,2018-09-12,9
986,2018-09-13,9
987,2018-09-14,9
988,2018-09-15,9
989,2018-09-16,9
990,2018-09-17,9
991,2018-09-18,9
992,2018-09-19,9
993,2018-09-20,9
994,2018-09-21,9
995,2018-09-22,9
996,2018-09-23,8
997,2018-09-24,8
998,2018-09-25,8
999,2018-09-26,8
1000,2018-09-27,8
1001,2018-09-28,8
1002,2018-09-29,8
1003,2018-09-30,8
1004,2018-10-01,8
1005,2018-10-02,8
1006,2018-10-03,8
1007,2018-10-04,8
1008,2018-10-05,8
1009,2018-10-06,8
1010,2018-10-07,8
1011,2018-10-08,8
1012,2018-10-09,8
1013,2018-10-10,8
1014,2018-10-11,8
1015,2018-10-12,8
1016,2018-10-13,8
1017,2018-10-14,8
1018,2018-10-15,8
1019,2018-10-16,8
1020,2018-10-17,8
1021,2018-10-18,8
1022,2018-10-19,8
1023,2018-10-20,8
1024,2018-10-21,7
1025,2018-10-22,7
1026,2018-10-23,7
1027,2018-10-24,7
1028,2018-10-25,7
1029,2018-10-26,7
1030,2018-10-27,7
1031,2018-10-28,7
1032,2018-10-29,7
1033,2018-10-30,7
1034,2018-10-31,7
1035,2018-11-01,7
1036,2018-11-02,7
1037,2018-11-03,7
1038,2018-11-04,8
1039,2018-11-05,8
1040,2018-11-06,8
1041,2018-11-07,8
1042,2018-11-08,8
1043,2018-11-09,8
1044,2018-11-10,8
1045,2018-11-11,10
1046,2018-11-12,10
1047,2018-11-13,10
1048,2018-11-14,10
1049,2018-11-15,10
1050,2018-11-16,10
1051,2018-11-17,10
1052,2018-11-18,13
1053,2018-11-19,13
1054,2018-11-20,13
1055,2018-11-21,13
1056,2018-11-22,13
1057,2018-11-23,13
1058,2018-11-24,13
1059,2018-11-25,14
1060,2018-11-26,14
1061,2018-11-27,14
1062,2018-11-28,14
1063,2018-11-29,14
1064,2018-11-30,14
1065,2018-12-01,14
1066,2018-12-02,11
1067,2018-12-03,11
1068,2018-12-04,11
1069,2018-12-05,11
1070,2018-12-06,11
1071,2018-12-07,11
1072,2018-12-08,11
1073,2018-12-09,11
1074,2018-12-10,11
1075,2018-12-11,11
1076,2018-12-12,11
1077,2018-12-13,11
1078,2018-12-14,11
1079,2018-12-15,11
1080,2018-12-16,11
1081,2018-12-17,11
1082,2018-12-18,11
1083,2018-12-19,11
1084,2018-12-20,11
1085,2018-12-21,11
1086,2018-12-22,11
1087,2018-12-23,10
1088,2018-12-24,10
1089,2018-12-25,10
1090,2018-12-26,10
1091,2018-12-27,10
1092,2018-12-28,10
1093,2018-12-29,10
1094,2018-12-30,8
1095,2018-12-31,8
1096,2019-01-01,8
1097,2019-01-02,8
1098,2019-01-03,8
1099,2019-01-04,8
1100,2019-01-05,8
1101,2019-01-06,9
1102,2019-01-07,9
1103,2019-01-08,9
1104,2019-01-09,9
1105,2019-01-10,9
1106,2019-01-11,9
1107,2019-01-12,9
1108,2019-01-13,8
1109,2019-01-14,8
1110,2019-01-15,8
1111,2019-01-16,8
1112,2019-01-17,8
1113,2019-01-18,8
1114,2019-01-19,8
1115,2019-01-20,7
1116,2019-01-21,7
1117,2019-01-22,7
1118,2019-01-23,7
1119,2019-01-24,7
1120,2019-01-25,7
1121,2019-01-26,7
1122,2019-01-27,7
1123,2019-01-28,7
1124,2019-01-29,7
1125,2019-01-30,7
1126,2019-01-31,7
1127,2019-02-01,7
1128,2019-02-02,7
1129,2019-02-03,8
1130,2019-02-04,8
1131,2019-02-05,8
1132,2019-02-06,8
1133,2019-02-07,8
1134,2019-02-08,8
1135,2019-02-09,8
1136,2019-02-10,7
1137,2019-02-11,7
1138,2019-02-12,7
1139,2019-02-13,7
1140,2019-02-14,7
1141,2019-02-15,7
1142,2019-02-16,7
1143,2019-02-17,8
1144,2019-02-18,8
1145,2019-02-19,8
1146,2019-02-20,8
1147,2019-02-21,8
1148,2019-02-22,8
1149,2019-02-23,8
1150,2019-02-24,7
1151,2019-02-25,7
1152,2019-02-26,7
1153,2019-02-27,7
1154,2019-02-28,7
1155,2019-03-01,7
1156,2019-03-02,7
1157,2019-03-03,7
1158,2019-03-04,7
1159,2019-03-05,7
1160,2019-03-06,7
1161,2019-03-07,7
1162,2019-03-08,7
1163,2019-03-09,7
1164,2019-03-10,7
1165,2019-03-11,7
1166,2019-03-12,7
1167,2019-03-13,7
1168,2019-03-14,7
1169,2019-03-15,7
1170,2019-03-16,7
1171,2019-03-17,7
1172,2019-03-18,7
1173,2019-03-19,7
1174,2019-03-20,7
1175,2019-03-21,7
1176,2019-03-22,7
1177,2019-03-23,7
1178,2019-03-24,7
1179,2019-03-25,7
1180,2019-03-26,7
1181,2019-03-27,7
1182,2019-03-28,7
1183,2019-03-29,7
1184,2019-03-30,7
1185,2019-03-31,12
1186,2019-04-01,12
1187,2019-04-02,12
1188,2019-04-03,12
1189,2019-04-04,12
1190,2019-04-05,12
1191,2019-04-06,12
1192,2019-04-07,10
1193,2019-04-08,10
1194,2019-04-09,10
1195,2019-04-10,10
1196,2019-04-11,10
1197,2019-04-12,10
1198,2019-04-13,10
1199,2019-04-14,8
1200,2019-04-15,8
1201,2019-04-16,8
1202,2019-04-17,8
1203,2019-04-18,8
1204,2019-04-19,8
1205,2019-04-20,8
1206,2019-04-21,9
1207,2019-04-22,9
1208,2019-04-23,9
1209,2019-04-24,9
1210,2019-04-25,9
1211,2019-04-26,9
1212,2019-04-27,9
1213,2019-04-28,8
1214,2019-04-29,8
1215,2019-04-30,8
1216,2019-05-01,8
1217,2019-05-02,8
1218,2019-05-03,8
1219,2019-05-04,8
1220,2019-05-05,11
1221,2019-05-06,11
1222,2019-05-07,11
1223,2019-05-08,11
1224,2019-05-09,11
1225,2019-05-10,11
1226,2019-05-11,11
1227,2019-05-12,18
1228,2019-05-13,18
1229,2019-05-14,18
1230,2019-05-15,18
1231,2019-05-16,18
1232,2019-05-17,18
1233,2019-05-18,18
1234,2019-05-19,13
1235,2019-05-20,13
1236,2019-05-21,13
1237,2019-05-22,13
1238,2019-05-23,13
1239,2019-05-24,13
1240,2019-05-25,13
1241,2019-05-26,14
1242,2019-05-27,14
1243,2019-05-28,14
1244,2019-05-29,14
1245,2019-05-30,14
1246,2019-05-31,14
1247,2019-06-01,14
1248,2019-06-02,12
1249,2019-06-03,12
1250,2019-06-04,12
1251,2019-06-05,12
1252,2019-06-06,12
1253,2019-06-07,12
1254,2019-06-08,12
1255,2019-06-09,11
1256,2019-06-10,11
1257,2019-06-11,11
1258,2019-06-12,11
1259,2019-06-13,11
1260,2019-06-14,11
1261,2019-06-15,11
1262,2019-06-16,16
1263,2019-06-17,16
1264,2019-06-18,16
1265,2019-06-19,16
1266,2019-06-20,16
1267,2019-06-21,16
1268,2019-06-22,16
1269,2019-06-23,25
1270,2019-06-24,25
1271,2019-06-25,25
1272,2019-06-26,25
1273,2019-06-27,25
1274,2019-06-28,25
1275,2019-06-29,25
1276,2019-06-30,16
1277,2019-07-01,16
1278,2019-07-02,16
1279,2019-07-03,16
1280,2019-07-04,16
1281,2019-07-05,16
1282,2019-07-06,16
1283,2019-07-07,16
1284,2019-07-08,16
1285,2019-07-09,16
1286,2019-07-10,16
1287,2019-07-11,16
1288,2019-07-12,16
1289,2019-07-13,16
1290,2019-07-14,16
1291,2019-07-15,16
1292,2019-07-16,16
1293,2019-07-17,16
1294,2019-07-18,16
1295,2019-07-19,16
1296,2019-07-20,16
1297,2019-07-21,13
1298,2019-07-22,13
1299,2019-07-23,13
1300,2019-07-24,13
1301,2019-07-25,13
1302,2019-07-26,13
1303,2019-07-27,13
1304,2019-07-28,12
1305,2019-07-29,12
1306,2019-07-30,12
1307,2019-07-31,12
1308,2019-08-01,12
1309,2019-08-02,12
1310,2019-08-03,12
1311,2019-08-04,14
1312,2019-08-05,14
1313,2019-08-06,14
1314,2019-08-07,14
1315,2019-08-08,14
1316,2019-08-09,14
1317,2019-08-10,14
1318,2019-08-11,12
1319,2019-08-12,12
1320,2019-08-13,12
1321,2019-08-14,12
1322,2019-08-15,12
1323,2019-08-16,12
1324,2019-08-17,12
1325,2019-08-18,11
1326,2019-08-19,11
1327,2019-08-20,11
1328,2019-08-21,11
1329,2019-08-22,11
1330,2019-08-23,11
1331,2019-08-24,11
1332,2019-08-25,11
1333,2019-08-26,11
1334,2019-08-27,11
1335,2019-08-28,11
1336,2019-08-29,11
1337,2019-08-30,11
1338,2019-08-31,11
1339,2019-09-01,11
1340,2019-09-02,11
1341,2019-09-03,11
1342,2019-09-04,11
1343,2019-09-05,11
1344,2019-09-06,11
1345,2019-09-07,11
1346,2019-09-08,9
1347,2019-09-09,9
1348,2019-09-10,9
1349,2019-09-11,9
1350,2019-09-12,9
1351,2019-09-13,9
1352,2019-09-14,9
1353,2019-09-15,9
1354,2019-09-16,9
1355,2019-09-17,9
1356,2019-09-18,9
1357,2019-09-19,9
1358,2019-09-20,9
1359,2019-09-21,9
1360,2019-09-22,12
1361,2019-09-23,12
1362,2019-09-24,12
1363,2019-09-25,12
1364,2019-09-26,12
1365,2019-09-27,12
1366,2019-09-28,12
1367,2019-09-29,10
1368,2019-09-30,10
1369,2019-10-01,10
1370,2019-10-02,10
1371,2019-10-03,10
1372,2019-10-04,10
1373,2019-10-05,10
1374,2019-10-06,9
1375,2019-10-07,9
1376,2019-10-08,9
1377,2019-10-09,9
1378,2019-10-10,9
1379,2019-10-11,9
1380,2019-10-12,9
1381,2019-10-13,9
1382,2019-10-14,9
1383,2019-10-15,9
1384,2019-10-16,9
1385,2019-10-17,9
1386,2019-10-18,9
1387,2019-10-19,9
1388,2019-10-20,10
1389,2019-10-21,10
1390,2019-10-22,10
1391,2019-10-23,10
1392,2019-10-24,10
1393,2019-10-25,10
1394,2019-10-26,10
1395,2019-10-27,10
1396,2019-10-28,10
1397,2019-10-29,10
1398,2019-10-30,10
1399,2019-10-31,10
1400,2019-11-01,10
1401,2019-11-02,10
1402,2019-11-03,9
1403,2019-11-04,9
1404,2019-11-05,9
1405,2019-11-06,9
1406,2019-11-07,9
1407,2019-11-08,9
1408,2019-11-09,9
1409,2019-11-10,8
1410,2019-11-11,8
1411,2019-11-12,8
1412,2019-11-13,8
1413,2019-11-14,8
1414,2019-11-15,8
1415,2019-11-16,8
1416,2019-11-17,9
1417,2019-11-18,9
1418,2019-11-19,9
1419,2019-11-20,9
1420,2019-11-21,9
1421,2019-11-22,9
1422,2019-11-23,9
1423,2019-11-24,10
1424,2019-11-25,10
1425,2019-11-26,10
1426,2019-11-27,10
1427,2019-11-28,10
1428,2019-11-29,10
1429,2019-11-30,10
1430,2019-12-01,8
1431,2019-12-02,8
1432,2019-12-03,8
1433,2019-12-04,8
1434,2019-12-05,8
1435,2019-12-06,8
1436,2019-12-07,8
1437,2019-12-08,8
1438,2019-12-09,8
1439,2019-12-10,8
1440,2019-12-11,8
1441,2019-12-12,8
1442,2019-12-13,8
1443,2019-12-14,8
1444,2019-12-15,9
1445,2019-12-16,9
1446,2019-12-17,9
1447,2019-12-18,9
1448,2019-12-19,9
1449,2019-12-20,9
1450,2019-12-21,9
1451,2019-12-22,8
1452,2019-12-23,8
1453,2019-12-24,8
1454,2019-12-25,8
1455,2019-12-26,8
1456,2019-12-27,8
1457,2019-12-28,8
1458,2019-12-29,8
1459,2019-12-30,8
1460,2019-12-31,8
1461,2020-01-01,8
1462,2020-01-02,8
1463,2020-01-03,8
1464,2020-01-04,8
1465,2020-01-05,10
1466,2020-01-06,10
1467,2020-01-07,10
1468,2020-01-08,10
1469,2020-01-09,10
1470,2020-01-10,10
1471,2020-01-11,10
1472,2020-01-12,10
1473,2020-01-13,10
1474,2020-01-14,10
1475,2020-01-15,10
1476,2020-01-16,10
1477,2020-01-17,10
1478,2020-01-18,10
1479,2020-01-19,9
1480,2020-01-20,9
1481,2020-01-21,9
1482,2020-01-22,9
1483,2020-01-23,9
1484,2020-01-24,9
1485,2020-01-25,9
1486,2020-01-26,10
1487,2020-01-27,10
1488,2020-01-28,10
1489,2020-01-29,10
1490,2020-01-30,10
1491,2020-01-31,10
1492,2020-02-01,10
1493,2020-02-02,10
1494,2020-02-03,10
1495,2020-02-04,10
1496,2020-02-05,10
1497,2020-02-06,10
1498,2020-02-07,10
1499,2020-02-08,10
1500,2020-02-09,12
1501,2020-02-10,12
1502,2020-02-11,12
1503,2020-02-12,12
1504,2020-02-13,12
1505,2020-02-14,12
1506,2020-02-15,12
1507,2020-02-16,11
1508,2020-02-17,11
1509,2020-02-18,11
1510,2020-02-19,11
1511,2020-02-20,11
1512,2020-02-21,11
1513,2020-02-22,11
1514,2020-02-23,11
1515,2020-02-24,11
1516,2020-02-25,11
1517,2020-02-26,11
1518,2020-02-27,11
1519,2020-02-28,11
1520,2020-02-29,11
1521,2020-03-01,10
1522,2020-03-02,10
1523,2020-03-03,10
1524,2020-03-04,10
1525,2020-03-05,10
1526,2020-03-06,10
1527,2020-03-07,10
1528,2020-03-08,18
1529,2020-03-09,18
1530,2020-03-10,18
1531,2020-03-11,18
1532,2020-03-12,18
1533,2020-03-13,18
1534,2020-03-14,18
1535,2020-03-15,20
1536,2020-03-16,20
1537,2020-03-17,20
1538,2020-03-18,20
1539,2020-03-19,20
1540,2020-03-20,20
1541,2020-03-21,20
1542,2020-03-22,14
1543,2020-03-23,14
1544,2020-03-24,14
1545,2020-03-25,14
1546,2020-03-26,14
1547,2020-03-27,14
1548,2020-03-28,14
1549,2020-03-29,12
1550,2020-03-30,12
1551,2020-03-31,12
1552,2020-04-01,12
1553,2020-04-02,12
1554,2020-04-03,12
1555,2020-04-04,12
1556,2020-04-05,13
1557,2020-04-06,13
1558,2020-04-07,13
1559,2020-04-08,13
1560,2020-04-09,13
1561,2020-04-10,13
1562,2020-04-11,13
1563,2020-04-12,12
1564,2020-04-13,12
1565,2020-04-14,12
1566,2020-04-15,12
1567,2020-04-16,12
1568,2020-04-17,12
1569,2020-04-18,12
1570,2020-04-19,12
1571,2020-04-20,12
1572,2020-04-21,12
1573,2020-04-22,12
1574,2020-04-23,12
1575,2020-04-24,12
1576,2020-04-25,12
1577,2020-04-26,15
1578,2020-04-27,15
1579,2020-04-28,15
1580,2020-04-29,15
1581,2020-04-30,15
1582,2020-05-01,15
1583,2020-05-02,15
1584,2020-05-03,17
1585,2020-05-04,17
1586,2020-05-05,17
1587,2020-05-06,17
1588,2020-05-07,17
1589,2020-05-08,17
1590,2020-05-09,17
1591,2020-05-10,20
1592,2020-05-11,20
1593,2020-05-12,20
1594,2020-05-13,20
1595,2020-05-14,20
1596,2020-05-15,20
1597,2020-05-16,20
1598,2020-05-17,14
1599,2020-05-18,14
1600,2020-05-19,14
1601,2020-05-20,14
1602,2020-05-21,14
1603,2020-05-22,14
1604,2020-05-23,14
1605,2020-05-24,12
1606,2020-05-25,12
1607,2020-05-26,12
1608,2020-05-27,12
1609,2020-05-28,12
1610,2020-05-29,12
1611,2020-05-30,12
1612,2020-05-31,12
1613,2020-06-01,12
1614,2020-06-02,12
1615,2020-06-03,12
1616,2020-06-04,12
1617,2020-06-05,12
1618,2020-06-06,12
1619,2020-06-07,11
1620,2020-06-08,11
1621,2020-06-09,11
1622,2020-06-10,11
1623,2020-06-11,11
1624,2020-06-12,11
1625,2020-06-13,11
1626,2020-06-14,10
1627,2020-06-15,10
1628,2020-06-16,10
1629,2020-06-17,10
1630,2020-06-18,10
1631,2020-06-19,10
1632,2020-06-20,10
1633,2020-06-21,10
1634,2020-06-22,10
1635,2020-06-23,10
1636,2020-06-24,10
1637,2020-06-25,10
1638,2020-06-26,10
1639,2020-06-27,10
1640,2020-06-28,10
1641,2020-06-29,10
1642,2020-06-30,10
1643,2020-07-01,10
1644,2020-07-02,10
1645,2020-07-03,10
1646,2020-07-04,10
1647,2020-07-05,9
1648,2020-07-06,9
1649,2020-07-07,9
1650,2020-07-08,9
1651,2020-07-09,9
1652,2020-07-10,9
1653,2020-07-11,9
1654,2020-07-12,11
1655,2020-07-13,11
1656,2020-07-14,11
1657,2020-07-15,11
1658,2020-07-16,11
1659,2020-07-17,11
1660,2020-07-18,11
1661,2020-07-19,10
1662,2020-07-20,10
1663,2020-07-21,10
1664,2020-07-22,10
1665,2020-07-23,10
1666,2020-07-24,10
1667,2020-07-25,10
1668,2020-07-26,16
1669,2020-07-27,16
1670,2020-07-28,16
1671,2020-07-29,16
1672,2020-07-30,16
1673,2020-07-31,16
1674,2020-08-01,16
1675,2020-08-02,14
1676,2020-08-03,14
1677,2020-08-04,14
1678,2020-08-05,14
1679,2020-08-06,14
1680,2020-08-07,14
1681,2020-08-08,14
1682,2020-08-09,13
1683,2020-08-10,13
1684,2020-08-11,13
1685,2020-08-12,13
1686,2020-08-13,13
1687,2020-08-14,13
1688,2020-08-15,13
1689,2020-08-16,13
1690,2020-08-17,13
1691,2020-08-18,13
1692,2020-08-19,13
1693,2020-08-20,13
1694,2020-08-21,13
1695,2020-08-22,13
1696,2020-08-23,11
1697,2020-08-24,11
1698,2020-08-25,11
1699,2020-08-26,11
1700,2020-08-27,11
1701,2020-08-28,11
1702,2020-08-29,11
1703,2020-08-30,11
1704,2020-08-31,11
1705,2020-09-01,11
1706,2020-09-02,11
1707,2020-09-03,11
1708,2020-09-04,11
1709,2020-09-05,11
1710,2020-09-06,11
1711,2020-09-07,11
1712,2020-09-08,11
1713,2020-09-09,11
1714,2020-09-10,11
1715,2020-09-11,11
1716,2020-09-12,11
1717,2020-09-13,10
1718,2020-09-14,10
1719,2020-09-15,10
1720,2020-09-16,10
1721,2020-09-17,10
1722,2020-09-18,10
1723,2020-09-19,10
1724,2020-09-20,9
1725,2020-09-21,9
1726,2020-09-22,9
1727,2020-09-23,9
1728,2020-09-24,9
1729,2020-09-25,9
1730,2020-09-26,9
1731,2020-09-27,9
1732,2020-09-28,9
1733,2020-09-29,9
1734,2020-09-30,9
1735,2020-10-01,9
1736,2020-10-02,9
1737,2020-10-03,9
1738,2020-10-04,9
1739,2020-10-05,9
1740,2020-10-06,9
1741,2020-10-07,9
1742,2020-10-08,9
1743,2020-10-09,9
1744,2020-10-10,9
1745,2020-10-11,9
1746,2020-10-12,9
1747,2020-10-13,9
1748,2020-10-14,9
1749,2020-10-15,9
1750,2020-10-16,9
1751,2020-10-17,9
1752,2020-10-18,12
1753,2020-10-19,12
1754,2020-10-20,12
1755,2020-10-21,12
1756,2020-10-22,12
1757,2020-10-23,12
1758,2020-10-24,12
1759,2020-10-25,13
1760,2020-10-26,13
1761,2020-10-27,13
1762,2020-10-28,13
1763,2020-10-29,13
1764,2020-10-30,13
1765,2020-10-31,13
1766,2020-11-01,14
1767,2020-11-02,14
1768,2020-11-03,14
1769,2020-11-04,14
1770,2020-11-05,14
1771,2020-11-06,14
1772,2020-11-07,14
1773,2020-11-08,15
1774,2020-11-09,15
1775,2020-11-10,15
1776,2020-11-11,15
1777,2020-11-12,15
1778,2020-11-13,15
1779,2020-11-14,15
1780,2020-11-15,21
1781,2020-11-16,21
1782,2020-11-17,21
1783,2020-11-18,21
1784,2020-11-19,21
1785,2020-11-20,21
1786,2020-11-21,21
1787,2020-11-22,23
1788,2020-11-23,23
1789,2020-11-24,23
1790,2020-11-25,23
1791,2020-11-26,23
1792,2020-11-27,23
1793,2020-11-28,23
1794,2020-11-29,20
1795,2020-11-30,20
1796,2020-12-01,20
1797,2020-12-02,20
1798,2020-12-03,20
1799,2020-12-04,20
1800,2020-12-05,20
1801,2020-12-06,16
1802,2020-12-07,16
1803,2020-12-08,16
1804,2020-12-09,16
1805,2020-12-10,16
1806,2020-12-11,16
1807,2020-12-12,16
1808,2020-12-13,26
1809,2020-12-14,26
1810,2020-12-15,26
1811,2020-12-16,26
1812,2020-12-17,26
1813,2020-12-18,26
1814,2020-12-19,26
1815,2020-12-20,26
1816,2020-12-21,26
1817,2020-12-22,26
1818,2020-12-23,26
1819,2020-12-24,26
1820,2020-12-25,26
1821,2020-12-26,26
1822,2020-12-27,41
1823,2020-12-28,41
1824,2020-12-29,41
1825,2020-12-30,41
1826,2020-12-31,41
1827,2021-01-01,41
